:1040000000800020E9A00000D1A00000755A000047
:1040100000000000000000000000000000000000A0
:10402000000000000000000000000000D1A000001F
:104030000000000000000000D1A000004DA1000021
:10404000D1A00000D1A00000D1A00000D1A00000AC
:10405000E5990000D1A00000D1A00000D5A000008B
:10406000D1A0000069720000D1A0000081560000BC
:10407000F95F0000D1A0000079720000BD47000088
:10408000D1A00000D1A00000D1A00000D1A000006C
:1040900000000000D1A00000D1A00000D1A00000CD
:1040A00011450000D1A00000D1A00000D1A0000067
:1040B0000000000010B5064C2378002B07D1054BFB
:1040C000002B02D0044800E000BF0123237010BD84
:1040D0004402002000000000C0250100044B10B580
:1040E000002B03D00349044800E000BF10BDC046C8
:1040F0000000000048020020C0250100014B012201
:104100005A707047600200200023037043707047AC
:1041100010B501280AD1064B994207D1054B064A32
:104120001A6048229A720548FFF7EEFF10BDC0469C
:10413000FFFF000064020020B005002060020020A4
:1041400010B5124C0021200002F05CFB8021890098
:10415000200002F0B3FA8021C901200002F0E6FB42
:104160000021200002F070FAE021200002F07CFA29
:10417000200002F02DFA0221082006F073FB032232
:104180000349082005F09AFB10BDC04664020020D8
:10419000FD400000012303707047000070B504006B
:1041A0000431090389B2084D280002F0BFFB280042
:1041B00002F0DAFB6378002BFCD000236370024826
:1041C00002F038FC70BDC04664020020F0B583B038
:1041D00005000378002B57D0002303702B4C2C498B
:1041E000200005F0C3FC01212800FFF7D7FF0AF0EB
:1041F00087FF02000B0005270097200005F0F4FD63
:10420000244E3100200005F0B1FC2349200005F0C8
:10421000ADFC00212800FFF7C1FF0AF071FF02008A
:104220000B000097200005F0DFFD3100200005F0B5
:104230009DFC1A49200005F099FC03212800FFF796
:10424000ADFF0AF05DFF02000B000097200005F0B3
:10425000CBFD3100200005F089FC1149200005F05C
:1042600085FC02212800FFF799FF0AF049FF0200B0
:104270000B000097200005F0B7FD3100200005F08D
:1042800075FC200005F088FC03B0F0BDAC0C0020EC
:10429000E4140100EC140100F0140100FC1401000E
:1042A0000415010010B502490120FFF731FF10BDD0
:1042B000FFFF0000002303707047000010B50128C5
:1042C00005D1034B994202D10248FFF7F3FF10BD1D
:1042D000FFFF00007002002010B50F4A1378022182
:1042E0008B4313700C4B5B7EDB09FBD10A4B8022A6
:1042F000D2009A8000229A70DA701A7802210A435A
:104300001A70054B5B7EDB09FBD10C2006F0A6F989
:10431000052006F0D1F910BD0040004201230370D2
:1043200070470000F0B583B00191161E0CD010004C
:104330000AF0B4FE02000B0000201E4906F004FF44
:1043400008F044FA87B200E0012700240025A742C4
:1043500006D9019806F0FCF92D180134A4B2F6E74D
:10436000F54030000C300AF05FFE02000B00002028
:104370008021C90506F0E8FE00220F4B0AF0BAFAC8
:1043800008F024FA060028000AF088FE0B4A0C4BBD
:104390000AF03EF804000D0030000AF07FFE020033
:1043A0000B002000290009F029FC0AF0FBFE03B0F5
:1043B000F0BDC046000010400000F03FD7A3703DA4
:1043C0000AD70140F0B583B005000378002B70D008
:1043D00000230370384C3949200005F0C7FB022246
:1043E00018212800FFF79EFF0AF08AFE02000B004A
:1043F00005270097200005F0F7FC314E3100200022
:1044000005F0B4FB2F49200005F0B0FB0222192172
:104410002800FFF787FF0AF073FE02000B000097E9
:10442000200005F0E1FC3100200005F09FFB26494B
:10443000200005F09BFB02221C212800FFF772FFE1
:104440000AF05EFE02000B000097200005F0CCFC95
:104450003100200005F08AFB1C49200005F086FB96
:1044600002221D212800FFF75DFF0AF049FE02002D
:104470000B000097200005F0B7FC3100200005F08C
:1044800075FB1349200005F071FB02221A21280058
:10449000FFF748FF0AF034FE02000B0000972000EF
:1044A00005F0A2FC3100200005F060FB200005F0C3
:1044B00073FB03B0F0BDC046AC0C0020E414010057
:1044C000EC140100F0140100FC14010004150100BB
:1044D0001815010010B502490120FFF7EFFE10BDCD
:1044E000FFFF0000002303707047000010B5012893
:1044F00005D1034B994202D10248FFF7F3FF10BDEB
:10450000FFFF0000740200200123037070470000C9
:1045100010B5054B9B79DB0705D5034B01229A713A
:104520000248FFF7F1FF10BD004400427402002072
:104530000378002B01D000220270180070470000A1
:1045400010B5214B01213222995444201A5C0324D6
:1045500022431A541D4A106A80239B0203431362AC
:104560001B4B1C4A5A801C4A5A801C4B19701B4B0F
:104570001B78DB07FBD4194B802252005A80174B63
:104580005B7ADB09FBD1154B154A1A61134B5B7A39
:10459000DB09FBD1114A20332821D1540F4B5B7A20
:1045A000DB09FBD10D4B5A7901210A435A710D4A9F
:1045B0008021490411601A7802210A431A70074BBE
:1045C0005B7ADB09FBD110BD0044004100040040D0
:1045D000000C0040204000001F400000004400424A
:1045E0002505090000E100E010B5FFF7A1FF002854
:1045F00003D0024A13880133138010BD76020020D5
:1046000010B502490120FFF771FF10BDFFFF000048
:1046100000B585B0012819D10D4B994216D10D482E
:1046200002F02FFD0C4802F05BFD002303930B4BBF
:104630001B6802930A4B1B6801930A4B1B6800938B
:10464000094B0A4A0A490B4802F0F6FC05B000BDC6
:10465000FFFF0000E80200201003002004000020FB
:10466000080000200C000020080300208402002025
:104670000C0300209002002030B583B0FE24A40576
:104680003C4D221C0021280002F016FC01212800CC
:1046900002F062FC384B9A69384B0193384B009317
:1046A000384B3949394802F0EDFC394B1968394823
:1046B00008F044FA211C08F04BFD08F06FF8802345
:1046C0005B04984200D91800334B1A6853009B18BA
:1046D0001A01324B1A60801A314B1860314B324A42
:1046E0005A60304B5B78DB09FBD12E4B82225200A3
:1046F0009A602C4B5B78DB09FBD12A4B2B4A5A8002
:10470000284B5B78DB09FBD1294B1A681A6002221F
:10471000DA63274B9B685B06FBD4214B1A68244B5A
:104720001A64234B9B681B06FBD4214B0022DA64DE
:104730001F4B9B685B05FBD41E4B802252029A6084
:104740005A6150215A5C012002435A5438224B3995
:104750009954174B343A9A62174A80210902116022
:104760001A6802210A431A60114B9B689B07FBD40D
:1047700003B030BD900200202403002000E0764505
:104780003313954300401C4633335340E802002066
:1047900010000020001B374C1800002000030020F0
:1047A000FC020020000C0040040703001A44000033
:1047B000002000420044004100E100E010B5384B09
:1047C000DB6A5B076BD5364AD16A04230B43D3629D
:1047D000344B1B78002B1DD1334B1B68002B02D0B0
:1047E000324B01221A702F4B01221A70012109202D
:1047F00006F0B6F82E4B1A68294BDA66284B9B68F0
:104800005B03FBD4264B00229A67254B9B689B02D7
:10481000FBD444E0274B01221A70224B00221A706D
:104820000021092006F09CF8234B1C681C4BDC6619
:10483000224B1868FE21890507F09CFF002803D051
:104840001E4BFE2292051A601C4B1868002107F0CF
:104850007DFF002802D0194B00221A60184B1B78EC
:10486000012B02D0154B00221A60164B1A68530018
:104870009B181801201A08F065FE104B196808F003
:1048800035FB07F08BFF084B1860054B9B685B03FB
:10489000FBD4034B9867024B9B689B02FBD410BD73
:1048A00000200042800200207C02002082020020C2
:1048B0000003002081020020FC020020840200206E
:1048C000240300201400002010B500210548FFF744
:1048D00065FC054CE16808F031F9216A08F038FC04
:1048E00010BDC046600200202403002010B5032143
:1048F0000348FFF753FC034B996808F01FF910BDFC
:104900006002002024030020F0B5DE4657464646EC
:10491000C0B54B4CA5444B4B1B78002B25D0494BC5
:1049200000221A70484B18680AF0EAFB474A484BC5
:1049300007F0E6FE002818D0FA20400005F084FCBD
:10494000FFF7D4FF434B186002214348FFF726FCD2
:10495000424C216908F0F2F8616908F0EFF8404B29
:1049600018601D213F4800F07AFE3F4B1B78002B5A
:1049700001D100F006FC3C4B00221A7005F0F4FB5C
:104980008246354C01212000FFF708FC0290FFF71A
:10499000ADFF364B186002212000FFF7FFFB2F4FC1
:1049A000396908F0CBF8796908F0C8F8304B18601D
:1049B000304D00221A212800FFF7B4FC0390FFF7C6
:1049C00083FF061C049005F0CFFB8046311C2A486B
:1049D00002F088FB05900299284802F05BFB061C58
:1049E000274B18602749059808F080FA011C301CF5
:1049F00007F00AFF244B18601E211A4800F02FFE12
:104A00002800FFF78BFC2000FFF7C4FB3B78012B4D
:104A100004D1124B5A681D4B1A6002E01B4B002256
:104A20001A60174B1868011C08F056FD00282FD09B
:104A3000054B00221A60094B00221A702BE0C04679
:104A400088FCFFFF82020020840200209A99999935
:104A50009999C93F18030020600200202403002018
:104A60008C0200206003002081020020140300203B
:104A7000880200207002002010030020E8020020BD
:104A80000403002085EB513F0C03002008030020A5
:104A9000FE4802F0B9F8FE4E310009A805F001FA0F
:104AA00009A906A805F020FA032202990CA805F02E
:104AB000B3FA0CA906A805F08DFA0400F54D2900FB
:104AC0000FA805F0EEF90FA9200005F083FA010008
:104AD000F14C200005F06AF80FA805F08DF90CA83C
:104AE00005F08AF906A805F087F909A805F084F908
:104AF000310015A805F0D5F915A912A805F0F4F9AB
:104B0000E64F0322396818A805F086FA18A912A8FA
:104B100005F060FA0290E2491BAB180005F0C1F9FC
:104B20001BA9029805F056FA0100200005F03EF896
:104B30001BA805F061F918A805F05EF912A805F0A8
:104B40005BF915A805F058F9310021A805F0A9F97D
:104B500021A91EA805F0C8F938680AF0D1FAD14A8F
:104B6000D14B09F0C7FE02000B000321009124A8DD
:104B700005F078FA24A91EA805F02CFA0700CB4905
:104B800027A805F08EF927A9380005F023FA0100BF
:104B9000200005F00BF827A805F02EF924A805F051
:104BA0002BF91EA805F028F921A805F025F9C04920
:104BB0002DA805F076F92DA92AA805F095F9BD4E86
:104BC000BD49306A08F092F9011C032230A805F0B3
:104BD00023FA30A92AA805F0FDF90290B74F390051
:104BE00033AB180005F05DF933A9029805F0F2F92E
:104BF0000100200004F0DAFF33A805F0FDF830A82A
:104C000005F0FAF82AA805F0F7F82DA805F0F4F851
:104C1000AB4939A805F045F939A936A805F064F97A
:104C2000A549049808F062F9011C03223CA805F08C
:104C3000F3F93CA936A805F0CDF9029039003FAB55
:104C4000180005F02EF93FA9029805F0C3F90100FC
:104C5000200004F0ABFF3FA805F0CEF83CA805F01B
:104C6000CBF836A805F0C8F839A805F0C5F895497D
:104C700045A805F016F945A942A805F035F9924B6B
:104C800018680AF03DFA874A874B09F033FE0200A4
:104C90000B000227009748A805F0E4F948A942A8AC
:104CA00005F098F9029081494BAB180005F0F9F82E
:104CB0004BA9029805F08EF90100200004F076FF60
:104CC0004BA805F099F848A805F096F842A805F019
:104CD00093F845A805F090F87C4951A805F0E1F853
:104CE00051A94EA805F000F970680AF009FA6D4A5A
:104CF0006D4B09F0FFFD02000B00009754A805F072
:104D0000B1F954A94EA805F065F90700674957A8FD
:104D100005F0C7F857A9380005F05CF9010020003C
:104D200004F044FF57A805F067F854A805F064F8AC
:104D30004EA805F061F851A805F05EF864495DA839
:104D400005F0AFF85DA95AA805F0CEF8614B9B4677
:104D50000122196860A805F05FF960A95AA805F05A
:104D600039F90600290063A805F09BF863A9300013
:104D700005F030F90100200004F018FF63A805F0E9
:104D80003BF860A805F038F85AA805F035F85DA89A
:104D900005F032F8504969A805F083F869A966A8BA
:104DA00005F0A2F84D4E012231686CA805F034F9E7
:104DB0006CA966A805F00EF9070029006FA805F098
:104DC00070F86FA9380005F005F90100200004F023
:104DD000EDFE6FA805F010F86CA805F00DF866A8B8
:104DE00005F00AF869A805F007F83D4975A805F02F
:104DF00058F875A972A805F077F83A4B196802229D
:104E000078A805F009F978A972A805F0E3F8070079
:104E100035497BA805F045F87BA9380005F0DAF89C
:104E20000100200004F0C2FE7BA804F0E5FF78A892
:104E300004F0E2FF72A804F0DFFF75A804F0DCFFC5
:104E40002A4981A805F02DF881A97EA805F04CF823
:104E5000274F0222396884A805F0DEF884A97EA8CD
:104E600005F0B8F80290204987AB180005F019F852
:104E700087A9029805F0AEF80100200004F096FE24
:104E800087A804F0B9FF84A834E0C046900200204F
:104E9000E4140100EC140100AC0C00200403002019
:104EA0002815010066666666661271402C150100C1
:104EB000301501002403002000007A444815010049
:104EC0004C1501005C1501000C0300207015010059
:104ED0008815010014030020981501001803002014
:104EE000A815010088020020BC150100C0150100B2
:104EF0008C02002004F080FF7EA804F07DFF81A8D2
:104F000004F07AFFA3498DA804F0CBFF8DA98AA8ED
:104F100004F0EAFF0322039990A805F07DF890A918
:104F20008AA805F057F80290290093AB180004F006
:104F3000B8FF93A9029805F04DF80100200004F095
:104F400035FE93A804F058FF90A804F055FF8AA8F6
:104F500004F052FF8DA804F04FFF8F4999A804F088
:104F6000A0FF99A996A804F0BFFF3968306807F040
:104F7000E5FD011C02229CA805F04EF89CA996A80C
:104F800005F028F80290854D29009FAB180004F029
:104F900088FF9FA9029805F01DF80100200004F089
:104FA00005FE9FA804F028FF9CA804F025FF96A802
:104FB00004F022FF99A804F01FFF7949A5A804F086
:104FC00070FFA5A9A2A804F08FFF31685B4618689E
:104FD00008F0BEF8396807F0B1FD011C0222A8A84C
:104FE00005F01AF8A8A9A2A804F0F4FF0600290009
:104FF000ABA804F056FFABA9300004F0EBFF0100B2
:10500000200004F0D3FDABA804F0F6FEA8A804F03D
:10501000F3FEA2A804F0F0FEA5A804F0EDFE61499D
:10502000B1A804F03EFFB1A9AEA804F05DFF43466D
:105030005246991A0A22B4A804F083FFB4A9AEA874
:1050400004F0C8FF05005849B7A804F02AFFB7A923
:10505000280004F0BFFF0100200004F0A7FDB7A85E
:1050600004F0CAFEB4A804F0C7FEAEA804F0C4FE63
:10507000B1A804F0C1FE4D49BDA804F012FF4C4B8D
:1050800019680522C0A804F0C7FFC0A9BDA804F094
:10509000A1FF0100BAA804F027FFBAA9200004F07C
:1050A00085FDBAA804F0A8FEC0A804F0A5FEBDA81E
:1050B00004F0A2FE3F49C6A804F0F3FEC6A9C3A8A7
:1050C00004F012FF3C4D280001F0D5FF011C052221
:1050D000C9A804F0A1FFC9A9C3A804F07BFF01007F
:1050E000200004F063FDC9A804F086FEC3A804F004
:1050F00083FEC6A804F080FE3049CFA804F0D1FE9C
:10510000CFA9CCA804F0F0FE280001F0B6FF011CE6
:105110000522D2A804F080FFD2A9CCA804F05AFF3F
:105120000100200004F042FDD2A804F065FECCA8E6
:1051300004F062FECFA804F05FFE2149D8A804F075
:10514000B0FED8A9D5A804F0CFFE280001F097FF43
:10515000011C0522DBA804F05FFFDBA9D5A804F041
:1051600039FF0100200004F021FDDBA804F044FE1B
:10517000D5A804F041FED8A804F03EFE200004F0BB
:105180000BFDDE239B009D441CBC90469A46A34623
:10519000F0BDC046D4150100DC150100E415010086
:1051A000E8150100F4150100081601000C160100B5
:1051B000840200201C160100900200202416010029
:1051C0002C16010010B502490120FFF721FA10BD8D
:1051D000FFFF000070B505000C1E08D0002107205D
:1051E00005F040FB0021072005F0BAFB07E0012194
:1051F000072005F037FB0021072005F0B1FB2C70DC
:1052000070BD0078704770B505000C00032911D0FF
:10521000042902D0022923D119E00021052005F03C
:1052200021FB0121062005F01DFB0021062005F0D1
:1052300097FB21E00121052005F014FB0021062049
:1052400005F010FB0021052005F08AFB14E0002189
:10525000052005F007FB0021062005F003FB0BE00D
:105260000121052005F0FEFA0021062005F0FAFADA
:105270000121052005F074FB6C7070BD10B50400B1
:105280000021FFF7A7FF034B197F2000FFF7BBFFAB
:1052900010BDC046240300204078704710B5054873
:1052A000FFF71AF80448FEF74BFF0448FFF748F9E8
:1052B00010BDC04670020020600200207402002071
:1052C00010B50548FFF77EF80448FEF77FFF044855
:1052D000FFF78AF910BDC04670020020600200206E
:1052E0007402002070470023037024228354704707
:1052F00010B5012812D10A4B99420FD1094C0A4B23
:105300001B6805225021200000F0CCFE074A084906
:10531000200005F070FE0748FFF7E5FF10BDC0460E
:10532000FFFF0000500300201C00002000000020B0
:10533000E55200002403002024230122C2547047B8
:1053400030B595B0050005AC2322002120000AF0FD
:1053500045F82B226A446B681370190A5170190CB6
:1053600091701B0ED37027226A44AB681370190A20
:105370005170190C91701B0ED37023226A44EB6894
:105380001370190A5170190C91701B0ED3701E21E5
:1053900069442B691A04120C0A801B0C4B802F22C3
:1053A0006A446B691370190A5170190C91701B0EC5
:1053B000D3701A216944AB691A04120C0A801B0CC1
:1053C0004B802B7FA37323232380243B0022039253
:1053D0000132029201920093174A2321200001F02A
:1053E00057FB16226A4403041B0C1380000C5080E8
:1053F000237880212200C900104800F0A4FF104942
:105400000EA804F04EFD21880A2211A804F087FDA1
:1054100011A90EA804F0DEFD0A4904F0E9FD01001F
:10542000094804F0C3FB11A804F0E6FC0EA804F040
:10543000E3FC15B030BDC046B71DC10450030020C9
:10544000341601003C160100AC0C002010B504001D
:105450002423C35C002B08D024230022C25404F070
:1054600083FEF530FF30094B1860084B1B68002B9A
:105470000BD004F079FE054B1B68984205D9034B0D
:1054800000221A602000FFF75BFF10BD4C030020D4
:1054900033223321C1756031017627314176773966
:1054A00081769421C1744A310175A739417506315D
:1054B0008175C2730274D4224274923A82749A2221
:1054C0008272013AC272503A0273422242730A2235
:1054D000C276CD320277343A4277683A8277002238
:1054E00082714032C271243A02722A32427202231D
:1054F000837303001F33AC22C27719325A709E3A6D
:105500009A701132DA707047F0B599B004000E004D
:10551000010004A8FFF7BCFF232204A90FA809F08B
:1055200041FF8021C9002C4800F04CFE40BA85B2F2
:10553000002E29D1232D27D8EBB280220FAFD20025
:105540003900254800F0C9FE7B88BE8836041E431A
:105550003E236B4400221A805A8001235B4203924F
:1055600001320292019200931C4A2900380001F096
:105570008FFA864208D0210004A8FFF789FF232272
:1055800004A90FA809F00EFF0FABD97D159A1202DE
:105590000A436260D97C149A12020A43A260D97B42
:1055A000139A12020A43E26059899A8912040A4343
:1055B0002261D97E169A12020A436261D9881A8939
:1055C00012040A43A2619A7B2277DA7F179B1B029F
:1055D0001343236219B0F0BD50030020B71DC1046E
:1055E00010B50021FFF790FF10BD10B5040004F0C6
:1055F000EBFE200010BD000010B502490120FFF7AE
:1056000077FE10BDFFFF000010B5040000230370FB
:1056100043708372C360037414300333022202495F
:1056200000F02AFB200010BD8C0C002010B50128D2
:1056300005D1034B994202D10248FFF7E5FF10BDA7
:10564000FFFF00006003002010B5037C002B05D095
:10565000002303740121042005F082F910BD4B1EC4
:10566000DBB21E2B06D8012213008B40C1680B430E
:10567000C3600274704710B5143000F032FC10BDE6
:1056800010B50248FFF7F7FF10BDC04660030020C9
:1056900010B502490120FFF7C9FF10BDFFFF000050
:1056A00070B505000400143400222A21200000F007
:1056B000ABFA0C49200000F06DFA0B49200000F015
:1056C00065FA0321022005F085F90321032005F086
:1056D00081F90121042005F0C5F81F212800FFF7FA
:1056E000BEFF70BD9D580000655A000070B58CB0BB
:1056F00005004378102B16D1C36803930893002B41
:1057000004D101210D2005F02BF903E000210D202B
:1057100005F026F90023EB602B740021042005F02E
:105720001FF9042696E0012B15D1514B1B680493F9
:10573000504B1B68019305934F4B1B6801930693D5
:105740004E4B1B6801930793102204A908A809F087
:1057500029FE10267EE0802B05D1494B5B68039320
:105760000893042676E0402B05D1464B1B68039333
:10577000089304266EE0412B05D1434B1B6803932D
:105780000893042666E0F12B06D14048FFF739FD67
:1057900008AB187001265DE0F02B06D13B48FFF7FF
:1057A0007BFD08AB1870012654E0002B11D104AA30
:1057B0001388DB0ADB0213803549049B19408023E0
:1057C0001B010B4304930823D370049B0893042606
:1057D00040E0F82B06D12F4B02AA138008AA1380B1
:1057E000022637E0F92B04D12B4B039308930426B0
:1057F00030E0112B05D1224B1A7808AB1A70012624
:1058000028E0A02B05D11E4B9B6803930893042628
:1058100020E0A12B05D11A4BDB68039308930426E3
:1058200018E0A22B05D1164B1B690393089304269D
:1058300010E0902B05D1124B9B690393089304262B
:1058400008E0912B05D10E4B5B6903930893042666
:1058500000E004260024A64208D908AB195D280000
:10586000143000F0D4FA0134E4B2F4E70CB070BDA7
:105870000CA0800040A0800044A0800048A08000D0
:10588000240300200C030020040300201C0300203C
:10589000FF0700FC34120000DB0F494010B502483E
:1058A000FFF724FF10BDC0466003002070B506005E
:1058B00004001434200000F025FA002803D0200052
:1058C00000F00AFB70700023B3720725200000F07F
:1058D00019FA00280DD0200000F0FEFAC0B2002D09
:1058E000F4D073199870013DEDB2B37A0133B372FD
:1058F000ECE7B17A002900D1ACE0002D14D00023F0
:10590000994208D9EA180132B2189078F2189070CA
:105910000133DBB2F4E70B00072B05D8F2180020A7
:1059200090700133DBB2F7E77378112B05D10129B1
:1059300003D1B278484B1A708CE0802B17D1042920
:1059400015D1B078F3781B02034330790004034388
:105950007079000618430400404906F00BFF002848
:1059600000D03E4C3C484460FFF7E6FC72E0A02BC0
:1059700010D104290ED1B378F27812021A43337988
:105980001B041A4373791B06134333488360FFF7E4
:10599000D3FC5FE0A12B10D104290ED1B378F278AB
:1059A00012021A4333791B041A4373791B061343FB
:1059B0002948C360FFF7C0FC4CE0A22B10D104299A
:1059C0000ED1B378F27812021A4333791B041A43CA
:1059D00073791B06134320480361FFF7ADFC39E0E0
:1059E000902B10D104290ED1B378F27812021A4309
:1059F00033791B041A4373791B06134316488361DA
:105A0000FFF79AFC26E0912B10D104290ED1B37830
:105A1000F27812021A4333791B041A4373791B0676
:105A200013430D484361FFF787FC13E0F02B06D1C9
:105A3000012904D1B1780A48FFF7E5FB0AE0F12B10
:105A400008D1012906D1B1784B1E9941C9B2044849
:105A5000FFF7C0FB70BDC046240300200040354462
:105A60001C03002010B501000148FFF71FFF10BD07
:105A700060030020BFF34F8F034B044ADA60BFF38B
:105A80004F8FC046FDE7C04600ED00E00400FA0578
:105A900010B50648FEF738FF0548FFF711FC05482A
:105AA000FFF7D4FC0448FFF7CFFD10BD78020020BB
:105AB00020030020240300206003002010B50121F2
:105AC000002004F0CFFE0121012004F0CBFE0121D3
:105AD000092004F0C7FE01210A2004F0C3FE0121C1
:105AE0000D2004F0BFFE00210D2004F039FFE1215C
:105AF00049020D4801F0D0FE0C4C200000F04EF899
:105B00000B49200000F06CF80A48FFF7C9FD0A486D
:105B1000FFF766FD0948FFF7B1FB0948FFF7BEFB39
:105B20000848FEF7A9FD10BDAC0C0020B005002010
:105B3000A086010060030020240300201C03002035
:105B400020030020780200200020704710B5036871
:105B50009C6B0123A04710BD10B503681B6B01218E
:105B6000984710BDF8B505000F0016000024B44298
:105B700009D22B681B68395D28009847002801D09E
:105B80000134F4E726003000F8BD70478E239B00F7
:105B9000C15070478D239B00C150704770B5050000
:105BA0000D49006901F006FE286901F019FC287D05
:105BB0000A4C42001218D300E3180821595604F089
:105BC00009FF687D43001B18DA00A41808216156FC
:105BD00004F000FF70BDC046A0860100BC1A0100A1
:105BE00070B504000D00006901F00EFC2900206969
:105BF00001F0E0FD206901F0F3FB70BD10B5006914
:105C000001F002FC10BD000070B50500006901F054
:105C1000ADFD286901F0E4FB287D094C4200121813
:105C2000D300E3180821595604F0D4FE687D4300E0
:105C30001B18DA00A4180821615604F0CBFE70BDD1
:105C4000BC1A010010B50022FFF7DEFF10BD0023D3
:105C500080225200835004328350043283507047B4
:105C600010B5040080225200002109F0B7FB20008B
:105C7000FFF7EDFF200010BDF0B5C64600B50400EB
:105C8000884617001E0000254560FA239B008360AC
:105C9000094B083303601830FFF7E2FF200025307E
:105CA000FF30FFF7DDFF4346236127756675A57555
:105CB000200004BC9046F0BD5016010010B501282C
:105CC00008D1054B994205D11123102203490448FC
:105CD000FFF7D2FF10BDC046FFFF0000940C00206C
:105CE000B005002010B504008C239B00C154253062
:105CF000FF30FFF7ACFF0123A37510BD84235B00C9
:105D0000C058704710B51830FFF7F8FF10BD842356
:105D10005B00C0580138FF3843425841C0B2704759
:105D200084235B00C358002B04D082235B00C3583C
:105D3000C05C01E001204042704710B51830FFF709
:105D4000EFFF10BD0131FF200840704770B504001F
:105D50000E00FFF7DCFF00280DD180256D00635990
:105D6000E65461592000FFF7EDFF60518422520094
:105D7000A3580133A35070BDF0B583B004000E00EA
:105D8000171E019340D018239C4684446346009319
:105D90006046FFF75CFF01223100206901F0E3FB60
:105DA00000282ED0206901F03EFC01000098FFF78A
:105DB000CDFF0126BE4214D2206901F0BDFB051EB5
:105DC0000FD0206901F070FB0221206901F080FBF7
:105DD000206901F028FC01000098FFF7B7FF0136A9
:105DE000E8E7206901F04CFB019B002B05D0002D5A
:105DF00003D02069032101F06BFB002D03D1771E36
:105E000002E0002700E03700380003B0F0BD70B5B5
:105E10000D00837D002B0CD02530FF300400FFF7F0
:105E200076FF002807D129002000FFF78FFF01200F
:105E300002E0002000E0002070BD70B50400842363
:105E40005B00C358002B0ED0822676008359C55CB8
:105E50008159FFF777FFA05184225200A358013BDC
:105E6000A350280001E00120404270BDF8B50600B3
:105E70000D00002383758C239B00C15C0022006908
:105E800001F071FB002805D13069032101F020FBEE
:105E9000022020E034002534FF342000FFF72EFFDD
:105EA00000280FD037692000FFF7C7FFC1B23800C4
:105EB00001F0B4FA0028EDD13069032101F008FBAC
:105EC000032008E0002D05D03069032101F000FB1C
:105ED000002000E00020F8BD10B51830FFF7ADFF3E
:105EE00010BD70B50400006901F014FB002800D15A
:105EF00080E0206901F083FB00280ED1206901F0C9
:105F000088FB002816D0206901F07EFB002811D004
:105F1000206901F083FB00280CD1206901F0C4FA4C
:105F20000321206901F0D4FA8E239B00E558002D4F
:105F300006D10AE0206901F06CFB00280AD123E0B9
:105F400023681B6920009847A84720001830FFF7F6
:105F50007EFE4FE0206901F0A7FA0321206901F0DD
:105F6000B7FA206901F05AFB002843D02000253001
:105F7000FF30FFF76CFE0123A3758D239B00E358D0
:105F8000002B37D0984735E0206901F033FB00281B
:105F900030D0206901F042FB002812D025002535C1
:105FA000FF352800FFF7AAFE002804D02800FFF7DD
:105FB00044FFC1B200E0FF21206901F048FAA0755A
:105FC00018E0250018352800FFF7A1FE002803D0AF
:105FD000206901F055FA09E0206901F024FB010075
:105FE0002800FFF7B3FE206901F05EFA2069032163
:105FF00001F06EFA70BD000010B50248FFF771FFA6
:1060000010BDC046B005002010B502490120FFF7C1
:1060100055FE10BDFFFF00000300407A00225A72B7
:1060200070470000092809D88000064B1B589F467E
:10603000082006E0202004E0802002E0402000E06C
:1060400010207047A0160100092815D880000C4BBD
:106050001B589F467F2012E00A4810E00A480EE0D5
:106060000A480CE00A480AE00A4808E00A4806E044
:106070000A4804E00A4802E0402000E0FF207047A0
:10608000C8160100FF010000FF030000FF07000029
:10609000FF0F0000FF1F0000FF3F0000FF7F000018
:1060A000FFFF000070B504001500084A08320260C6
:1060B000436001722800FFF7B5FFA0722800FFF7C8
:1060C000C3FFE06000236372200070BDF016010082
:1060D00070B50B001400857A2900180006F0E0FA6C
:1060E00088B2ADB20419A4B22B1CA54200D9231C5E
:1060F00099B2091A89B2081C1E2900D91E20C0B203
:1061000070BDF0B5C64600B58CB0040016001D0089
:10611000202B03DCCB18C268934202D9012363729F
:106120002CE0077A837A102B06D90A1203AB1A7077
:1061300059700223984605E003AB197009120F430A
:1061400001239846002E07D0002D05DD03A840440A
:106150002A00310009F026F9667A002E0DD12B00B5
:106160004344012201926332009203AA390060681D
:1061700000F04EF9002800D1013666720CB004BC64
:106180009046F0BD30B583B0040000230022FFF735
:10619000B8FF6B460022DA71657A002D09D1217AA9
:1061A00001236A460732606800F006F9002800D132
:1061B000013565726B46D87903B030BD10B5FFF775
:1061C000E1FF10BD70B505004E1CB6B2FFF7DAFF57
:1061D00080B2000284B231002800FFF7D3FF2043D1
:1061E00080B270BDF0B583B00C004D1CADB2019013
:1061F000FFF7C8FF0606A71CBFB22900019D2800B3
:10620000FFF7C0FF000406430334A4B2390028009E
:10621000FFF7B8FF0002064321002800FFF7B2FF96
:10622000304303B0F0BD00B583B0130001AA137072
:106230000123FFF766FF03B000BD70B504000D0039
:1062400016000368DB689847B04204D0320029008A
:106250002000FFF7E8FF70BD70B506000C001500C8
:1062600003685B699847A8420BD02A0AEDB2210067
:106270003000FFF7D8FF0134A1B22A003000FFF749
:10628000D2FF70BDF0B5C64600B506000C00150083
:106290000368DB699847A8421CD0631C9BB29846F0
:1062A0002A0E21003000FFF7BEFFA71CBFB22A0C48
:1062B000D2B241463000FFF7B6FF0334A4B22A0A37
:1062C000D2B239003000FFF7AEFFEAB22100300051
:1062D000FFF7A9FF04BC9046F0BDF0B5D6464F4687
:1062E0004646C0B504008A4691461F0000239846E2
:1062F000002F23D0637A002B20D14E464644B6B2FD
:106300003A0031002000FFF7E3FE050000230022E1
:1063100031002000FFF7F5FE667A002E09D1217AC0
:10632000524642442B00606800F046F8002800D135
:1063300001366672A8447F1BFFB2D9E71CBC9046A9
:106340009946A246F0BDF0B5D6464F4680B583B01B
:1063500007008A4691461D000026002D16DD7B7A37
:10636000002B13D153469C19A3B2EAB20193190032
:106370003800FFF7ADFE04004A4692190300019968
:106380003800FFF7BEFE2D1B3619E6E703B00CBC44
:1063900091469A46F0BD0000012807D1044B99426E
:1063A00004D1044B00221A601A715A717047C0461A
:1063B000FFFF0000EC070020F8B5050017001E00E5
:1063C0000368DB6BC9B232009847002815D000245F
:1063D0002B681B6928009847002809D0B44207D2CF
:1063E0002B685B692800984738550134E4B2EFE721
:1063F000A41B60426041C0B200E00020F8BD000074
:1064000010B502490120FFF7C7FF10BDFFFF0000D4
:10641000F0B585B006000191029203930AAB20CB40
:106420001F786C426C41E4B20123002D17D0002C80
:1064300015D1002B03D13221154804F0F8FC336844
:10644000DB6A6A4611793000984733685B6B30002D
:10645000984743425841013D23000400E5E7002CE2
:1064600013D03368DB6A6A46117930009847336885
:106470005B68039A02993000984733681B6B3900B8
:106480003000984744424441E4B2200005B0F0BDDA
:106490007813002010B5040000680368DB6AA17A55
:1064A0009847206803685B6B984710BD10B5037967
:1064B000002B34D160291ED006D8202913D04029C2
:1064C00015D0002962D10AE0A0291CD002D8802969
:1064D00015D05BE0C0291AD0E0291CD056E08220FC
:1064E00003F08CFE52E0412003F088FE4EE02020B5
:1064F00003F084FE4AE0102003F080FE46E008200E
:1065000003F07CFE42E0042003F078FE3EE003202E
:1065100003F074FE3AE0022003F070FE36E06029DA
:106520001ED006D8202913D0402915D000292DD1FE
:106530000AE0A0291CD002D8802915D026E0C02965
:106540001BD0E0291ED021E0082003F057FE1DE0FB
:10655000052003F053FE19E0022003F04FFE15E082
:10656000012003F04BFE11E0094803F06DFE0DE041
:10657000E120400003F068FE08E0A520400003F0A1
:1065800063FE03E0A520400003F05EFE10BDC046A0
:10659000A3020000F8B504000D00D6B2170A006887
:1065A0000368DB6AA17A9847206803681B682900A2
:1065B0009847206803681B6839009847206803687B
:1065C0001B6831009847206803685B6B9847F8BDEB
:1065D00010B5040000220221FFF7DCFF8022120226
:1065E00003212000FFF7D6FF10BD70B504000D0099
:1065F00000680368DB6AA17A9847206803681B6813
:1066000029009847206803681B6B00219847206881
:106610000368DB6BA17A02229847206803681B6934
:10662000984700280AD0206803685B699847C5B27C
:10663000206803685B699847C0B201E0002000252C
:106640002D02401980B270BD70B504000D0001210B
:10665000FFF7CBFF034A02402A4301212000FFF746
:1066600099FF70BDFC7F000070B504000D00012192
:10667000FFF7BBFF034A02402A4301212000FFF736
:1066800089FF70BD1F7F000010B50121FFF7ADFF2E
:10669000C0B21F23984310BD70B505000C00012146
:1066A000FFF7A3FF2C81044A024022430121280066
:1066B000FFF770FF70BDC046FF7E0000F0B5CE460C
:1066C000474680B585B004000D00C3889846012177
:1066D000FFF78BFF0700461207231E40043B0340D1
:1066E0009946802149002000FFF7D6FF8023DB0078
:1066F0009D421CD006D8002D11D080239B009D42C6
:1067000011D023E080231B019D4218D0A0231B0140
:106710009D4218D0C023DB009D4217D10BE0C0235F
:106720005B01E38012E080235B01E3800EE08023C5
:106730001B01E3800AE08023DB00E38006E0802386
:106740009B00E38002E080235B00E380AE4243D005
:106750004B46032B40D003212000FFF746FF06B233
:10676000404608F061FC00900191E08808F05CFC74
:1067700002000B000098019907F040FA0290039183
:10678000300008F051FC029A039B07F041FE08F02C
:1067900015FC82B203212000FFF7FCFE022120003D
:1067A000FFF723FF06B2E08808F03EFC02000B0072
:1067B0000098019907F022FA00900191300008F04A
:1067C00033FC009A019B07F023FE08F0F7FB82B22E
:1067D00002212000FFF7DEFE094A3A402A43012148
:1067E0002000FFF7D7FE2000FFF74EFF010020003A
:1067F000FFF75CFE05B00CBC90469946F0BDC04664
:10680000FF71000010B504000171FFF743FE00287E
:106810001BD10F4A01212000FFF7BCFE8021C900D7
:106820002000FFF74BFF8022120202212000FFF719
:10683000B1FE084A03212000FFF7ACFE80235B0075
:1068400023810023E372012000E0002010BDC04638
:1068500083850000FF7F000070B504000121FFF771
:10686000C4FE050000212000FFF728FF22898023B5
:106870005B009A420AD100212000FFF70DFF2000A3
:10688000FFF702FF01002000FFF710FE00212000AB
:10689000FFF7ABFE002805D000212000FFF7A5FE82
:1068A00000B205E000212000FFF79FFE404200B249
:1068B000184B984201D1013000B2C317C01858409C
:1068C00000B2154B98420DDD144B98420DDD144B70
:1068D00098420DDD134B98420DDD134B98420DDDB0
:1068E00000260DE0A02636010AE08026360107E0EA
:1068F000C026F60004E08026F60001E08026B600FF
:106900002A0001212000FFF745FE31002000FFF79B
:10691000D5FE70BD0080FFFF440400008808000021
:1069200011110000212200004344000070B5050051
:106930000E000121FFF759FE0405240D3443220007
:1069400001212800FFF726FEE3050CD42800FFF7FD
:106950009BFE06000024012C05DC31002800FFF717
:10696000A5FD0134F7E770BD10B504000121FFF764
:106970003CFE044A024392B201212000FFF70AFEC6
:1069800010BDC0460080FFFF10B504000021FFF7D6
:106990002CFE030000B2E27A002A2BD0164A904265
:1069A00002D101331BB200E00300DA179B185340F9
:1069B0001BB2124A93420DDDE188C022520191427E
:1069C00008D02000FFF748FF00212000FFF70DFE50
:1069D00000B20FE00A4A93420CDCE28880235B009D
:1069E0009A4207D02000FFF737FF00212000FFF771
:1069F000FCFD00B210BDC0460080FFFF66660000CF
:106A000047260000D0B50400FFF7BEFF08F00CFBDE
:106A10000022FC239B0507F0FBFC06000F00E0882A
:106A200008F002FB32003B0007F0F2FC08F0BAFB72
:106A3000D0BD000010B5FFF7E5FF024906F07EF873
:106A400010BDC04600007A4470B588B004000D0047
:106A500011001A000CA808C800780EAE367801960E
:106A6000009002A800F024F80F9B002B05D12A000B
:106A7000210002A800F053F805E00F9B2A00210036
:106A800002A800F05DF802A800F020F808B070BD80
:106A9000F0B585B00AAC20CC24780CAE36780D9FCA
:106AA0000397029601940095FFF7CEFF05B0F0BD65
:106AB00030B503AC257804AC247801604260836073
:106AC0000573447302610023436130BD10B50400B7
:106AD0000069637B002B01D000F066F8A368584082
:106AE00010BD10B50400037B002B03D0080000F09C
:106AF00043F8010009062369594021610822002A50
:106B00000CD02369002B04DA5B0021684B40236121
:106B100001E05B002361013AD2B2F0E710BD70B52D
:106B2000060043699B184361541E002A07D04D1C80
:106B300009783000FFF7D5FF22002900F4E770BD87
:106B4000F0B583B005001C00019343699B184361B5
:106B500001E032003900561E002A0BD04F1C097884
:106B60002800FFF7BEFF013C002CF2D103F079FBB7
:106B7000019CEEE703B0F0BD4210552313404000E6
:106B80005522904340B20343DBB29A1033201040A9
:106B90009B00332293435BB20343DBB218011B0912
:106BA0001843C0B27047000042080F4B1A40400023
:106BB0000E4B1840104382080D4B1A4080000D4BBD
:106BC0001840024313090C48034012010B480240CD
:106BD0001343180A0A4A10401B020A4A134018437A
:106BE0001022D0417047C04655555555AAAAAAAAA9
:106BF00033333333CCCCCCCC0F0F0F0FF0F0F0F09D
:106C0000FF00FF0000FF00FFF0B5D6464F4680B5FD
:106C100087B007003423C35C002B00D1F5E003F0FC
:106C2000A9FA82463A6C831A3422BA5C022A03D04B
:106C3000FA6B9A4200D9EAE0BB6A1B689946796D03
:106C4000181C06F085FA051C3523FC5C012C03D1C9
:106C500080231B069C4665443B6B1868494606F03A
:106C600077FAF864012C04D180231B069C4660440B
:106C7000F864FC6C396D201C06F06AFA0390FE691A
:106C8000311C201C06F032F90190291C301C06F042
:106C90002DF9061C02903623FB5C002B0ED0012B35
:106CA0000FD0FC218905019806F020F90190FC2104
:106CB0008905301C06F01AF9029004E000230293C3
:106CC00001E0002301930299019806F041FA049033
:106CD00038613E6A311C201C06F008F90590786185
:106CE0003723FB5C002B05D10399786A06F0FEF888
:106CF000B86109E07B6A802212069446634418005A
:106D0000291C06F0F3F8B8613823FD5C002D3DD155
:106D10000599201C05F078FD011C301C06F0E6F8F2
:106D2000011C049805F070FD011C0490BC6C201C33
:106D300005F00CFD002805D00021039805F01AFD90
:106D400000280BD10499786C05F014FD00281DD0A3
:106D50000021039805F0FAFC002817D00021301C10
:106D600005F0EEFC002811D180231B06E6180499DB
:106D7000301C05F0FFFC002807D1049E311C201CAC
:106D800005F0E4FC002800D0261C7E613968786993
:106D900005F03AFD3860022D04D1029906F0D8F9C9
:106DA000386012E0029906F0D3F9041C7E6C311CA5
:106DB00005F0CCFC002807D1BE6C311C201C05F06E
:106DC000D9FC002800D1261C3E600199386805F0E6
:106DD0001BFDB96905F018FD041C7D6C291C05F02C
:106DE000B5FC002807D1BD6C291C201C05F0C2FC95
:106DF000002800D1251CFB6A1D60FB6C3B654B46DF
:106E00007B6553463B64012002E0002000E0002047
:106E100007B00CBC91469A46F0BD0000F0B5CE46D6
:106E200000B582B006000C1C0092019308AB1F78DD
:106E300009AB197889460AAB1D780021201C05F0A2
:106E400085FC002831D10021009805F07FFC002846
:106E50002BD10021019805F079FC002825D10021D3
:106E6000009805F06DFC002801D000233360362324
:106E7000F75401334A46F2540133F5547460009DCF
:106E8000B560019BF360F06B06F05CFB094905F00F
:106E900055FE071CF461011C281C06F027F830621F
:106EA000391C019805F04AFE706202B004BC91469C
:106EB000F0BDC04600247449F0B583B004000D1C39
:106EC000161C111C281C05F05FFC002829D16564E4
:106ED000A6643423E35C002B23D0E76A3B68291CBB
:106EE0000193181C05F032FC002808D1311C0198D0
:106EF00005F040FC002801D0351C00E0019D3D60FC
:106F00002668656C291C301C05F020FC002807D180
:106F1000A56C291C301C05F02DFC002800D1351C67
:106F2000256003B0F0BD70B50400C36A1E6806603A
:106F3000836A1B684365456C291C301C05F006FC00
:106F4000002807D1A56C291C301C05F013FC002873
:106F500000D1351C256070BD70B504000D003423D0
:106F6000C35C002B03D1002901D0FFF7DCFF032D08
:106F700009D13423E35C002B01D1012200E000227F
:106F80003423E25401E03423E55470BD3523C15469
:106F900070470000F0B5DE4657464E464546E0B520
:106FA00087B004008C469346059313A90D7814A965
:106FB0000E7815A90F7816A9097888460021416036
:106FC0008160C16000203423E0540133E054013378
:106FD000E05401339946363B9A464B465246E254BA
:106FE0000133E0545A46E2626346A362059B236381
:106FF0000F4A2000FFF760FF0E4BE363414620007D
:10700000FFF7C4FF029701960095129B119A109901
:107010002000FFF703FF03F0ADF8E36BC01A206414
:10702000200007B03CBC90469946A246AB46F0BD56
:1070300000007F43A0860100F0B589B0040011A8CC
:107040000678002036256055353D3727E555013750
:10705000E055033FE6550696059004950390109879
:1070600002900F9801900E9800902000FFF792FF79
:10707000200009B0F0BD0069704740697047806921
:1070800070477047016042608360009BC360019B52
:107090000361704770B504000E1C006806F058F8D4
:1070A0006568291C05F04AFD011C301C05F046FDF1
:1070B000291C05F043FD03F0A5FF216905F03EFD05
:1070C000051CE168FE20800505F038FD011C281C28
:1070D00005F09AFB011CFE20800505F02FFD70BD18
:1070E00070470000F0B58BB00C1C3249201C05F035
:1070F000FDFE06900021201C05F032FB002852D135
:107100000027002500230893722F15D8FB002A4A78
:107110009C580699201C05F02DFB002804D0FE0089
:10712000254B9E19B68809E0FA00234B9B189D88D1
:107130000137BFB20894E7E700260024211C089F0E
:10714000381C05F017FB00282FD10021201C05F06A
:10715000F7FA002805D00021381C05F0F1FA0028C4
:1071600025D1089807F0CCFF08900991069807F000
:10717000C7FF06900791300007F090FF049005913B
:10718000280007F08BFF02900391201C07F0B8FF46
:1071900000900191089A099B0698079903F005FF52
:1071A00008F000F804E0002002E0044800E0034892
:1071B0000BB0F0BD00007A4424170100F02374499D
:1071C000F0B583B001282ED1184B99422BD1184F1E
:1071D0001849380000F060F81749184800F05CF8CA
:1071E0001749184800F058F81749184800F054F8A3
:1071F0001749184800F050F8174D1849280000F0BA
:107200004BF8012401940326009623000022390044
:10721000134802F0CFF90194009623232422290079
:10722000104802F0C7F903B0F0BDC046FFFF0000F0
:107230007C0C002000080042000C0042840C00205E
:10724000001000428C0C002000140042940C00201E
:10725000001800429C0C0020A40C0020001C0042DE
:10726000380A0020F407002010B5024802F021FA85
:1072700010BDC046380A002010B5024802F019FAC5
:1072800010BDC046F407002010B502490120FFF7E9
:1072900097FF10BDFFFF00000023037101607047DE
:1072A000F0B5944605AC257807683E689C1E621EC2
:1072B0009441240662469207224332433A600468AE
:1072C000606807221140AD012943022B01D05B0306
:1072D00000E000230B4303436360F0BD70B5056815
:1072E0002C680904C0239B0219401205C026B6036E
:1072F0003240114321432960026851680B435360B7
:1073000070BD0268116801230B43136003681A689B
:10731000D207FBD4DB69DB07F8D470470268116839
:1073200002230B4313600368DB699B07FBD47047A0
:1073300003681B7E9B0702D40379002BF8D100233E
:1073400003717047036800225A8370470368187EF0
:107350004007C00F70470368187EC0097047026875
:10736000117E80235B420B43137670470368588B72
:107370008007C00F70470268538B02210B43538371
:1073800070470368187EC007C00F70470368188DE8
:10739000C005C00DC0B2704770B504000D002000DC
:1073A000FFF7EFFF0028FAD0ADB223681D85012357
:1073B0002371012070BD036801229A75704703682C
:1073C00001221A7570470268116801230B4313608C
:1073D00003681A68D207FBD4DB69DB07F8D470476F
:1073E0000268116802230B4313600368DA6992078D
:1073F000FBD45A8B30218A4310210A435A830368F5
:10740000DB695B07FBD4704703681968022291436C
:1074100019600368DB699B07FBD470472823026867
:10742000D15403681A7ED20706D45A8BD20708D4E7
:107430005B8B9B07F5D506E05B8B5B0705D50020D2
:1074400004E0002002E0002000E001207047282333
:107450000268D15403681A7E520704D55B8B5B0720
:1074600003D5002002E0002000E0012070470368FF
:107470001868C006400F053843425841C0B27047F3
:1074800010B50400FFF7F3FF002806D0226851680A
:107490008023DB020B43536005E0226851688023A0
:1074A000DB020B43536010BD10B50400FFF7DFFF94
:1074B000002805D022685168044B0B40536004E05B
:1074C00022685168014B0B40536010BDFFFFFBFF6A
:1074D00070B504000D00FFF7CAFF00280DD0226828
:1074E00053680321294009040948034019435160A6
:1074F0002368DB695B07FBD408E02268536803213B
:1075000029400904024803401943516070BDC04638
:10751000FFFFFCFF03681868C006400F04384342B1
:107520005841C0B270470368588B8006800F0138FD
:1075300043425841C0B270470368588B8006800FA1
:10754000023843425841C0B270470368588B8007E5
:10755000C00F70470368588B8006800F0338434282
:107560005841C0B27047F8B50400170049001143F4
:10757000CDB2FFF7E1FF061E0ED12000FFF7EAFFB4
:10758000002835D12000FFF7E0FF002804D02000BC
:10759000FFF7C9FF061E2BD02268536ADB0ADB0205
:1075A0002B435362002F0ED123681B7EDB07FBD5D4
:1075B0002000FFF7C1FF002813D169083A0020001E
:1075C000FFF7D1FF0DE023681A7E920709D41A7ED7
:1075D000D207F8D55968C02292020A435A600026A1
:1075E00006E023685B8B5B0701D5002600E00126DF
:1075F0003000F8BD0368187E4007C00F704703686D
:10760000187EC007C00F70470368588BC006C00FB4
:1076100070470368187E8007C00F70470368588B57
:107620000007C00F704710B50400FFF720FF0028C7
:107630000AD023681A7E920702D41A7ED207F8D5A0
:107640002822985CC0B203E022682823D05CC0B234
:1076500010BD000030B50368204A934211D0204A83
:10766000934211D01F4A934211D01F4A934211D026
:107670001E4A934211D01E4A93422DD10E24192541
:107680000DE0092414250AE00A24152507E00B243F
:10769000162504E00C24172501E00D2418250123EC
:1076A000A34014480360A308C0339B001958032269
:1076B0002240D200FF249440A143C02494402200E1
:1076C0000A431A508023DB012B430B4A53800A4B99
:1076D0005B785BB2002BFADB30BDC046000800428D
:1076E000000C00420010004200140042001800424A
:1076F000001C004200E100E0000C0040F8B505006D
:107700000E0017001C00FFF7A5FF2800FFF7F9FD8A
:10771000B2001C2313407A07120C296813430B6034
:1077200084232A689375012E1CD1012F01D11021C9
:1077300000E008210C4B1868C000614304F040FED3
:107740002968072202408B895203DB04DB0C1343B8
:107750008B81C0082A689389C004C00C5B0B5B0353
:1077600018439081F8BDC0462800002070B5040081
:107770000E001500FFF76EFF2000FFF724FE2168C2
:107780000A681C239A430C3B13430B607600236862
:10779000FF2131405962002D04D02268536A012133
:1077A0000B4353620723226893752368DB695B07E9
:1077B000FBD470BD70B505000C00FFF74BFF28002F
:1077C000FFF701FE2B6814221A600E4B1E68610041
:1077D000300004F0F5FD04000B49300004F0F0FD2A
:1077E00043011B1A9B001818FA21C90004F0E8FD98
:1077F0002A68201A0538D368FF2108408B431843B4
:10780000D06070BD2800002040420F00002070476B
:1078100008B4024B9C46103808BC60470D78000045
:1078200010B50022072A0CDC0F2303400009092BA6
:1078300001DD373300E030330724A41A0B55013241
:10784000F0E710BD10B50C000B4B1868FFF7E8FF10
:107850000A4B186821000831FFF7E2FF084B18684F
:1078600021001031FFF7DCFF064B186821001831AA
:10787000FFF7D6FF202010BD0CA0800040A08000A4
:1078800044A0800048A0800008B4024B9C461038F9
:1078900008BC604745780000704770473F2070473C
:1078A00010B5064B1B685A1C05D103685B699847E5
:1078B0000300024A1060180010BDC04624000020DA
:1078C00010B582B06B46D971073302685468012243
:1078D0001900A04702B010BDF0B5CE46474680B5AE
:1078E00093B006000B7802330B7001AC02254022E6
:1078F00000216B46981D07F071FD082323700333A8
:107900006370E57025716571023B9946237204200E
:107910006072012121736573A573052363742422AA
:10792000A2741027BC4627756175A075E27525768F
:1079300006276776A376E2762777E3772027E25556
:107940000137E1550137E1550137E1550631A154C1
:107950000132A3540232203FA754624622852A22D4
:107960006746A75401324F46A7540132A054033250
:10797000A55401320630A0540432A1540132A3545C
:107980000232A55409322287053AA1540132A35488
:107990003933E55405336B4404321A7000225A70AF
:1079A000337DA370A37263770133DBB2A377727D5B
:1079B00087390D0015431C30255407302354501CC3
:1079C0003623E054023252B20A430733E2544222D1
:1079D0002100044800F096FC13B00CBC9046994678
:1079E000F0BDC046100D002008B4024B9C46103874
:1079F00008BC6047D978000070B505000C00097814
:107A000066782379027D9A423FD1A12909D1212E9E
:107A100007D10100343107221F4800F073FC012018
:107A200038E0212933D1202E05D129003431072215
:107A3000194800F089FB222E02D1A2783B23EA5498
:107A4000202E01D0222E12D16A6B9623DB009A429F
:107A500007D13B23EB5CDB0703D4FA2003F03AF8B1
:107A600001E003F041F800210B4800F087FD232ED0
:107A70000FD1E3781B02A2781343084A1360002158
:107A8000054800F07BFD012004E0002002E000201A
:107A900000E0012070BDC046100D00202000002035
:107AA00008B4024B9C46103808BC6047F9790000C6
:107AB00010B534300822002107F090FC10BD000002
:107AC00010B50300006A597D013100F053FA034BF1
:107AD0001B6801335A1E9341C01810BD24000020BA
:107AE00010B50200074B1868431C04D0054B012257
:107AF00052421A6004E0106A517D013100F0DAFA56
:107B000010BDC0462400002010B50300006A597D56
:107B1000023100F047FA10BD10B50300006A597D2C
:107B2000023100F0FFF910BD10B504000800130089
:107B3000617D02310200206A00F01AFB002801D1A9
:107B40000123636010BD10B5040002F00DFBF423A7
:107B5000FF3398420BD9B93BFF3BE35C002B01D1CB
:107B6000002400E001240A2002F048FB00E0002489
:107B7000200010BD7047704770B5040000224260BD
:107B8000FA239B008360050010350300283303208F
:107B9000A0750138E075A361E2610D4B1E00083647
:107BA00026605033236121622423E254094A2300D2
:107BB000343342CA42C38323A362E062013B23639E
:107BC00001F0A6FF290001F071FF200070BDC04642
:107BD000441F01003C1F010010B5012806D1044BD1
:107BE000994203D103490448FFF7C6FF10BDC046C0
:107BF000FFFF0000100D0020AC0C002010B5437DED
:107C00000A4A12685B01D3180933FF3359780224FA
:107C100021435970437D0133DBB25B01D318093333
:107C2000FF335A7801210A435A7010BDCC1100204D
:107C300010B502490120FFF7CFFF10BDFFFF000084
:107C4000704782B0836D002B1FD1A833C25CD2B2C3
:107C5000EFF3108300930123019372B6019B591E29
:107C60000191002B03D0A823C25CD2B2F6E70099A1
:107C7000002902D162B6BFF36F8F002A22D0A4235D
:107C8000C358A02280581B1A1CE0EFF31083009306
:107C90000123019372B60022019B591E0191002B12
:107CA00003D0F423C25CD2B2F6E70099002902D1D6
:107CB00062B6BFF36F8F002A04D0F023C358EC22C2
:107CC00080581B1A180002B07047000030B583B00E
:107CD00041680C68FF23426D13401A0008325201BC
:107CE000A218D279D20700D4A5E05A018A18926866
:107CF0009204920C14D15A0189188D684F4A15408C
:107D0000802252032A438A608A68920B95038D6011
:107D100008335B01E418237940221343237180E088
:107D2000C46D002C3ED1A4340251A33CC4650200B2
:107D3000AC325B01C9184A60EFF3108300930194E1
:107D400072B6019B5A1E0192002B24D0A823012257
:107D5000C2544C33C35CDBB2F4328354835C002BDB
:107D6000EFD14568FF33426D13405A01AA18946859
:107D700032490C4080214903214391609168890B6D
:107D80008C0394602A6808335B01D3181A79402168
:107D90000A431A71D5E7009B002B42D162B6BFF3AC
:107DA0006F8F3EE0F02402510022C2650200603273
:107DB0005B01CB185A60EFF310830093012301930A
:107DC00072B6019B5A1E0192002B24D0F42301228B
:107DD000C2544C3BC35CDBB2F4328354835C002B53
:107DE000EFD14568FF33426D13405A01AA189468D9
:107DF00012490C4080214903214391609168890B0D
:107E00008C0394602A6808335B01D3181A794021E7
:107E10000A431A71D5E7009B002B02D162B6BFF36B
:107E20006F8F4368416D1A68FF230B4008335B0175
:107E3000D3187F22DA7103B030BDC046FF3F00F097
:107E400001280AD1054B994207D1054B054A1A6012
:107E50000723002B01DB013BFBE77047FFFF00001E
:107E6000CC1100200050004110B5040002F0ACFA23
:107E7000200010BD30B583B00D006B46DC1D002323
:107E8000237001F045FE210001F0CCFD2B689C46DB
:107E900060442860207803B030BD000000780028DE
:107EA00010D0094B1B681A8901218A431A811A8B49
:107EB00008210A431A831A8B04210A431A83034BAD
:107EC00000221A607047C046CC110020C411002067
:107ED00010B5124A93699B0B9803906112680823AE
:107EE000FF330220D0540624FF34105D883BFF3B53
:107EF000034313550823FF33D35C9B07FAD5084A85
:107F0000937A7F2008407F218B43190001439172AF
:107F1000917A80235B420B43937210BDCC110020F9
:107F20000050004110B58A010B4BD218FF231940B5
:107F30000A484B01C3185A619A69920B94039C61D9
:107F400003680831490159180223CB714A79823BF1
:107F500013434B7110BDC0463C0D0020CC110020D6
:107F600008314901024B9C46614420234B71704704
:107F70000050004110B58A00084BD058002803D0AB
:107F800003689B68984707E0FF2319404901044BA9
:107F9000591888688004800C10BDC046140D00205C
:107FA000CC11002010B50C00FFF7E4FF00280DD025
:107FB000074B1B68FF2121400831490159184A79B4
:107FC00080235B4213434B710223CB7110BDC0462B
:107FD000CC110020F0B583B001900F0000921C007E
:107FE0002F4B1B68002B55D02E4B1B78002B03D139
:107FF00000211E2002F0B4FC2A4B64221A70BB0040
:10800000294A9858002806D003685B682200009926
:108010009847040040E039000198FFF7ABFFA04209
:1080200004D239000198FFF7A5FF0400FF263E4067
:108030001E4B710158188268920B950385601B686E
:108040005B180933FF331A7801210A431A70BB0108
:10805000174959182200009807F0A4F9002C1BD0EA
:1080600039000198FFF786FF002815D10F4B1A68D9
:10807000330008335B01D31819794020014319718B
:108080000121D9717301D3180933FF335A780A4398
:108090005A7001E001246442200003B0F0BDC046E4
:1080A000C4110020300D0020140D0020CC11002040
:1080B000FC0E002000B583B001236A460732FFF7AB
:1080C00089FF012802D16B46D87901E001204042A6
:1080D00003B000BD10B58A01184BD218FF23194018
:1080E000174C4B01E3185A609868164A10408022DA
:1080F000520302439A609A68920B90039860226838
:108100000B0008335B01D318187940242043187101
:108110000B0008335B01D3189B795B06F8D50B0085
:1081200008335B01D318DB79DB07F8D54901044B31
:10813000591888688004800CC0B210BDFC0E002065
:10814000CC110020FF3F00F070B50D00140000219D
:10815000FFF7C0FFA04200D920000023A34204D2B1
:10816000024AD25CEA540133F8E770BDFC0E0020ED
:10817000F8B5DE4657464E464546E0B50E009146F8
:108180001F00464B1B68002B7AD08023DB019F42E7
:108190007AD8434B1B78002B03D100211F2002F01B
:1081A000DFFB3F4B64221A7000239846002F6ED0ED
:1081B0003C4B1D68FF243440230008335B01EB185F
:1081C0009B79DB0927D0384B1868384904F0F8F858
:1081D000374B5843172104F0F3F800E01800230050
:1081E00008335B01EB18DB799B0714D4314B9B5DA3
:1081F000002B02D1431E0028F0D12E4B01229A55AC
:108200006401284B1C19A3699B0B9A03A2610123EB
:108210005B4298463BE0274B00229A553F2F0AD9F4
:108220006201204B9B189969802212060A439A61C9
:1082300040239A4600E0BA46B3011F4A9B46934446
:1082400052464946584607F0ADF86201154B9B1857
:108250005A465A61996952469204920C890B8903D5
:108260000A439A61083464012D190223EB716A797B
:10827000823B13436B71D0445346FF1AD14495E7B8
:1082800001235B42984602E001235B429846404648
:108290003CBC90469946A246AB46F8BDC4110020AE
:1082A000310D0020CC1100202800002040420F009A
:1082B00070110100340D00203C0D002070B50E003F
:1082C00011001C00B5010C4BED182200280007F02E
:1082D00069F8FF2131404B010849C9184D618A698D
:1082E000074B13408B618A69A3049B0C920B92038A
:1082F00013438B61200070BD3C0D0020CC11002089
:10830000FF3F00F0F0B583B001900E001700104B56
:108310001B78002B19D10F4B1B78002B08D00E4D6A
:108320002C880E48201807F03DF8E4192C800CE04A
:1083300014000025002C08D0721923000021019898
:10834000FFF7BCFF2D18241AF4E7380003B0F0BD86
:10835000BC100020C0110020C2110020C01000205D
:1083600070B50C001500012A29D9100006F0F4FFA1
:108370000600200007F07CFD013040003070032330
:1083800073700222AA420FD2217800290CD0013446
:10839000531CDBB2B154AB4205D0F3180021197065
:1083A0000232D2B2EEE71A0031000648FFF7AAFF08
:1083B000441EA041C4B2300006F0D8FF00E0002403
:1083C000200070BD100D002010B5002906D0084B0C
:1083D00001221A70074B00221A8007E0044B00228A
:1083E0001A70044B1A880449FFF78CFF10BDC04671
:1083F000C0110020C2110020C0100020F0B587B0CD
:1084000001900C00002505951B4E0127377005A92A
:10841000FFF730FD02AB9D71092302AA1370073BE1
:1084200053705771A023D3715A331372059B0933CC
:108430005380130010713570092C05D109221900E1
:108440000198FFF75FFF13E0002305930121019CD2
:108450002000FFF7B9FF092202A92000FFF752FF11
:1084600005A92000FFF706FD00212000FFF7ACFF63
:10847000012007B0F0BDC046BC10002070B592B01E
:1084800006000C00CD78022D0AD18B79C97909023A
:1084900019433548FFF7B2FF431E9841C0B261E06F
:1084A00001F036FB210001F0D1FA002803D0C317F8
:1084B000181AC00F56E0012D08D1A379E2791202F3
:1084C0001A43112A3DD8D2B228493CE0032D44D1A9
:1084D000A278002A07D1A179E3791B020B43032B71
:1084E0002CD923492FE0022A08D1A379E27912027C
:1084F0001A4320493000FFF733FF33E0012A08D147
:10850000A379E27912021A431B493000FFF728FFD2
:1085100028E0032A23D13E32002101A806F05EFFA5
:1085200001F0F6FA01A901F0A1FAA379E2791202A9
:108530001A4301A93000FFF713FF13E0DAB20C4928
:1085400001E00A49002200290BD0002A00D10A7854
:108550003000FFF7D7FE012004E0002002E00020F9
:1085600000E0002012B070BD100D002010200100AE
:1085700004200100F81F010008200100FF230B4028
:108580005B010349C9188B699B0B9A038A61704789
:10859000CC11002070B505000C0001F0B9FA2100E3
:1085A00001F074FA041E03D100212800FFF7E6FF52
:1085B000200070BD00230370012242704360073326
:1085C0000372704783000148C0187047E80C002010
:1085D000836C4020C01A7047806C7047836C002BFE
:1085E00002D0436CC05C01E0012040427047002390
:1085F000036443648364704710B504004022002183
:1086000006F0ECFE2000FFF7F2FF200010BD000096
:10861000F8B50C00832A19D1FF230B40714E5A0183
:10862000B218906970490840C021890501439161E1
:10863000A4016E4964185461316808335B015A5CC7
:1086400070208243402002435A54CAE0022A6FD16C
:108650008B00674A9858002802D003685B699847E6
:10866000F82001F0ADFE0500624B03605D4B4360F6
:108670000830FFF7C1FF6C650023AB65EB65A022F6
:10868000AB500432AB500432AB544432AB500432E2
:10869000AB500432AB540132AB54FF331A002240CA
:1086A000520169688C46624490684F490840C02175
:1086B0008905014391606A6810686A6D1A40083242
:1086C0005201115C0726B14303263143115429009E
:1086D00060316A6D1A405201686884466244516094
:1086E0006A681268696D1940490152180932FF32EF
:1086F00051780120014351706E686A6D13405A0130
:10870000B21890683C4908408021490301439160B8
:108710009168890B88039060326808335B01D31835
:108720001A7940210A431A71A400314BE55058E0F0
:10873000822A19D1FF230B402A4D5A01AA189069A9
:1087400029490840C021890501439161A4012749B5
:1087500064185461296808335B015A5C70208243B5
:10876000302002435A543CE0002A3AD1FF320A40FA
:108770001C48510141188B681B4F3B40C026B60571
:1087800033438B60A4011D4BE3184B60006813005A
:1087900008335B011D5C07229543012215431D54DC
:1087A000102294468C44624695683D402E43966064
:1087B0000E4AA4184C611A5C7024A2431024224370
:1087C0001A548C680C4A14408022520322438A6057
:1087D0008A68920B94038C60C3181A7940210A436B
:1087E0001A71F8BDCC110020FFFFFF8F3C0D002057
:1087F000140D0020DC1F0100FF3F00F0FC0E0020E4
:1088000070B505000124092C0BD8A300054A9A581D
:10881000002A06D021002800FFF7FAFE0134E4B256
:10882000F1E770BDE80C002030B583B005000C0006
:108830004B780B2B00D98AE09B00484AD3589F46BF
:10884000002089E00B78002B08D101AA1370537027
:1088500002330021FFF732FD01207DE001AB002251
:108860001A705A703E4B1B78012B02D101AB0132BA
:108870001A70022301AA00212800FFF71FFD012022
:108880006AE08B78012B12D101AB00221A705A706A
:10889000344B1B78012B02D101AB01321A70022339
:1088A00001AA00212800FFF709FD012054E02C4B0C
:1088B00000221A700021FFF761FE01204CE08B7846
:1088C000012B0BD1274B01221A7001AA0023137030
:1088D00001330021FFF7F2FC01203DE0002B38D1ED
:1088E0001F4B01221A700021FFF748FE012033E0E0
:1088F0008978FFF7EDFA01202EE0FFF7BFFD2BE0AE
:108900000123194A0021FFF7D9FC012024E00B784C
:10891000DB0620D1FFF774FFA278134B1A601348CF
:10892000FFF76CF900212800FFF728FE012013E073
:1089300001230F4A0021FFF7C1FC01200CE08A78D7
:108940000B4B1A600021FFF719FE012004E0012003
:1089500002E0012000E0002003B030BDA41F0100B0
:10896000320D00203B0D0020C4110020AC0C002073
:10897000C811002070B582B004005D4B1B78002B3D
:1089800000D0B2E05B4B1B689A8B120710D508220F
:108990009A8300220021FFF73BFE564B19680A22FA
:1089A000FF328B5C102003438B54534B00221A6020
:1089B000504B1B689A8B520721D504229A834F4B48
:1089C0001B78002B0BD04D4A1378013BDBB21370A0
:1089D0001378002B03D101211F2001F0C1FF484B68
:1089E0001B78002B0BD0464A1378013BDBB2137087
:1089F0001378002B03D101211E2001F0B1FF3D4B64
:108A00001B680822FF329A5C920605D58421490032
:108A10005A5C202002435A540822FF329A5CD20644
:108A200039D56A463749100060C960C0314881684D
:108A3000890B8D03856082204000195C4025294305
:108A40001954137860221A4204D169462000FFF7B6
:108A5000EBFE03E069462000FFF79CFD002809D0EB
:108A6000244B19680622FF32885C80235B42034353
:108A70008B5403E000212000FFF772FA1D4B1B68A6
:108A80000822FF329A5C520605D5842149005A5CBF
:108A9000402002435A54174B1A680823FF337F21A2
:108AA000D1540124072C20DC124B1B68FF252540E4
:108AB0002A00083252019B18DB79002B13D0A30047
:108AC000114A9858002803D003681B6898470AE0A9
:108AD00021000E48FFF74FF8064B1B6808356D0163
:108AE0005D197F23EB710134DCE702B070BDC04635
:108AF000C0110020CC110020C4110020310D002035
:108B0000300D0020FC0E0020140D0020AC0C0020C5
:108B100010B50248FFF72EFF10BDC046100D002013
:108B2000806C403843425841C0B2704701313F2009
:108B30000840704770B504000D00FFF7F1FF0028F2
:108B400009D1236CE554216C2000FFF7EFFF20646E
:108B5000A36C0133A36470BD70B582B00400EFF361
:108B6000108300930123019372B60025019B5A1EC6
:108B70000192002B05D020000830FFF729FD0500E9
:108B8000F4E7009B002B02D162B6BFF36F8FA36D99
:108B9000002B72D1EFF3108300930123019372B67F
:108BA000019B5A1E0192002B0BD0A823E35C002BE3
:108BB000F6D1009B002B00D0D0E062B6BFF36F8FE0
:108BC000CCE0009B002B02D162B6BFF36F8F002672
:108BD000AE4212D2A023E358A422A25893420CD250
:108BE000591CA022A150E31860331978C9B22000A3
:108BF0000830FFF79FFF0136EAE7A023E25804336D
:108C0000E3589A4200D0A9E0A0230022E2509F3B03
:108C1000A365EFF310820092019372B6019B5A1E76
:108C20000192002B22D0A8230022E2544D33E35CB2
:108C3000002BF3D0F523E25465680A33626D1340CC
:108C40005A01AA1890684849084080214903014305
:108C500091609168890B880390602A6808335B01F2
:108C6000D3181A7940210A431A71D7E7009B002BC9
:108C700074D162B6BFF36F8F70E0EFF3108300938F
:108C80000123019372B6019B5A1E0192002B0AD058
:108C9000F423E35C002BF6D1009B002B5ED162B67F
:108CA000BFF36F8F5AE0009B002B02D162B6BFF377
:108CB0006F8F0026B54205D9EC23E358F022A25865
:108CC000934206D3EC23E2580433E3589A4245D149
:108CD0000CE0591CEC22A150E318AC331978C9B24E
:108CE00020000830FFF726FF0136E3E70023EC22DF
:108CF000A350A365EFF3108300930123019372B691
:108D0000019B5A1E0192002B22D0F4230022E25430
:108D10000133E35C002BF3D0F523E25465680A339A
:108D2000626D13405A01AA1890680F4908408021CB
:108D30004903014391609168890B880390602A6818
:108D400008335B01D3181A7940210A431A71D7E717
:108D5000009B002B02D162B6BFF36F8F200008305A
:108D6000FFF73AFC02B070BDFF3F00F070B582B073
:108D70000400EFF3108300930123019372B60025E2
:108D8000019B5A1E0192002B05D020000830FFF7EE
:108D90001FFC0500F4E7009B002B02D162B6BFF375
:108DA0006F8FA36D002B72D1EFF31083009301231B
:108DB000019372B6019B5A1E0192002B0BD0A8237F
:108DC000E35C002BF6D1009B002B00D0D0E062B614
:108DD000BFF36F8FCCE0009B002B02D162B6BFF3D4
:108DE0006F8F0026AE4212D2A023E358A422A258CD
:108DF00093420CD2591CA022A150E3186033197879
:108E0000C9B220000830FFF795FE0136EAE7A0233B
:108E1000E2580433E3589A4200D0A9E0A02300228C
:108E2000E2509F3BA365EFF310820092019372B66C
:108E3000019B5A1E0192002B22D0A8230022E2544B
:108E40004D33E35C002BF3D0F523E25465680A331D
:108E5000626D13405A01AA18906848490840802161
:108E60004903014391609168890B880390602A68E7
:108E700008335B01D3181A7940210A431A71D7E7E6
:108E8000009B002B74D162B6BFF36F8F70E0EFF3DD
:108E9000108300930123019372B6019B5A1E019225
:108EA000002B0AD0F423E35C002BF6D1009B002BAF
:108EB0005ED162B6BFF36F8F5AE0009B002B02D1E8
:108EC00062B6BFF36F8F0026B54205D9EC23E35895
:108ED000F022A258934206D3EC23E2580433E3581D
:108EE0009A4245D10CE0591CEC22A150E318AC3356
:108EF0001978C9B220000830FFF71CFE0136E3E7FD
:108F00000023EC22A350A365EFF310830093012309
:108F1000019372B6019B5A1E0192002B22D0F423BA
:108F20000022E2540133E35C002BF3D0F523E2543A
:108F300065680A33626D13405A01AA1890680F4998
:108F4000084080214903014391609168890B88039F
:108F500090602A6808335B01D3181A7940210A43CC
:108F60001A71D7E7009B002B02D162B6BFF36F8F57
:108F700020000830FFF732FB02B070BDFF3F00F069
:108F800070B50400836C002B0AD0436CC55C416C47
:108F9000FFF7CCFD6064A36C013BA364280001E0F3
:108FA0000120404270BD0000F0B5C64600B582B059
:108FB000060088461700EFF3108300930123019306
:108FC00072B60024019B5A1E0192002B05D030007E
:108FD0000830FFF7FDFA0400F4E7009B002B02D1F4
:108FE00062B6BFF36F8FB36D002B72D1EFF31083B6
:108FF00000930123019372B6019B5A1E0192002B2C
:109000000BD0A823F35C002BF6D1009B002B00D0E3
:10901000D0E062B6BFF36F8FCCE0009B002B02D193
:1090200062B6BFF36F8F0025A54212D2A023F3587A
:10903000A422B25893420CD2591CA022B150F3186A
:1090400060331978C9B230000830FFF773FD01357D
:10905000EAE7A023F2580433F3589A4200D0A9E07B
:10906000A0230022F2509F3BB365EFF310820092E1
:10907000019372B6019B5A1E0192002B22D0A823A5
:109080000022F2544D33F35C002BF3D0F523F2545D
:1090900074680A33726D13405A01A21890685949D6
:1090A000084080214903014391609168890B88033E
:1090B0009060226808335B01D3181A7940210A4373
:1090C0001A71D7E7009B002B74D162B6BFF36F8F84
:1090D00070E0EFF3108300930123019372B6019BBC
:1090E0005A1E0192002B0AD0F423F35C002BF6D118
:1090F000009B002B5ED162B6BFF36F8F5AE0009BDE
:10910000002B02D162B6BFF36F8F0025AC4205D9A8
:10911000EC23F358F022B258934206D3EC23F258D2
:109120000433F3589A4245D10CE0591CEC22B1505B
:10913000F318AC331978C9B230000830FFF7FAFCE5
:109140000135E3E70023EC22B350B365EFF310835E
:1091500000930123019372B6019B5A1E0192002BCA
:1091600022D0F4230022F2540133F35C002BF3D01D
:10917000F523F25474680A33726D13405A01A21831
:10918000906820490840802149030143916091681B
:10919000890B88039060226808335B01D3181A7921
:1091A00040210A431A71D7E7009B002B02D162B617
:1091B000BFF36F8FEFF3108300930123019372B617
:1091C0000024019B5A1E0192002B0FD0BC42F8D202
:1091D000350008352800FFF7FFF90028F1D02800F6
:1091E000FFF7CEFE434618550134EFE7009B002BF6
:1091F00002D162B6BFF36F8F200002B004BC90466C
:10920000F0BDC046FF3F00F010B502490120FEF757
:1092100017FE10BDFFFF0000F8B504000025564BF7
:109220001D7001211F2001F01DFB01211F2001F0F5
:1092300097FB524B1D7001211E2001F013FB0121F1
:109240001E2001F08DFB4E4AD36920210B43D361D0
:109250004C4B38315A5C01252A435A543C22985CC5
:10926000493988439854985C0621084398545920FA
:10927000195C29431954995C4A3801409954995C06
:10928000602001439954404B404A5A803E4B5B78E2
:10929000DB09FBD13E4800F061FF3E4804C813786B
:1092A00001210B43137080225200002106F096F832
:1092B000384B1B689A78D207FAD4374A5A62374B30
:1092C00019684A0B1F2002408B0C1840C90D072358
:1092D00019401F2A00D11A3A1F2800D10238072945
:1092E00000D104392B4B1F273A401D682E8D920167
:1092F0002B4D2E4032431D682A851D682A8D07405C
:109300001F2082431000384328851D682A8D0803DA
:1093100024491140014329851868C2780C218A43E9
:1093200008252A43C2701D68EA7803208243022080
:109330000243EA701D682E787F2232402A701D6831
:109340002A78042632432A701D682A898A432A8192
:109350001549C125AD004A591202120A4A5180220C
:109360000A601A68137803431370012323700021E5
:109370000E48FEF791FAF8BD310D0020300D0020A7
:109380000004004000440041000C00400640000082
:10939000118B0000CC110020D0110020246080002F
:1093A0003FF8FFFFFF8FFFFF00E100E0AC0C002063
:1093B0000120704710B503681B6A014A984710BD29
:1093C00013040000F0231940302901D0002000E0F0
:1093D00001207047F0231B01194080239B00994214
:1093E0000DD00133FF33994205D080235B009942B1
:1093F00003D1052004E0072002E0002000E0062061
:1094000070470F231940012905D0022901D00220FD
:1094100002E0012000E0002070470000F0B585B0B8
:109420000400039116008B239B00C05C394D420061
:109430001218D300EB180821595601F0CBFA364B1D
:10944000E05C43001B18DA00AD180821695601F0F2
:10945000C1FA324BE35C022B0DD190239B00E05C00
:10946000FF2808D043001B18DA002A4B9B1808215C
:10947000595601F0AFFA8C239B00E05CFF2820D006
:10948000012101F0EFF98C239B00E05C21494200AF
:109490001518EB005B56DB01214D5F198D25AD00E2
:1094A0006751204DAC4663448E25AD0063511218C0
:1094B000D0000918496801228A408F218900625032
:1094C0001A60039B012201212069FEF717F9256923
:1094D00031002000FFF77EFF039031002000FFF7EE
:1094E00090FF070031002000FFF76CFF00903B0069
:1094F000012203992800FDF7D3FE0B4BE25C074BDA
:10950000E15C2069FDF7EAFE2069FDF707FF05B081
:10951000F0BDC046BC1A01002D0200002F02000061
:1095200018440041144400412E020000F8B5DE4604
:1095300057464E464546E0B504008B46924699464E
:109540000AAB1B7898460BAB1F780CAB1E780DABA3
:109550001D7800234360FA239B008360114B08337E
:1095600003601430FCF77CFB20002130FF30FCF757
:1095700077FB5B4623618B239B005246E2540A4BE8
:109580004A46E254094B4246E254094BE754013340
:10959000E6541033E55420003CBC90469946A24660
:1095A000AB46F8BD242001002D0200002E02000071
:1095B0002F02000070B584B0040008A8057809A83F
:1095C0000678FF2003900290019600952000FFF797
:1095D000ADFF200004B070BD10B504000069FDF7B8
:1095E00090FE20001430FCF732FB20002130FF30C9
:1095F000FCF72DFB10BD10B5040020002130FF301A
:10960000FCF77CFB0028F8D12069FDF791FE10BD26
:1096100010B51430FCF772FB10BD84235B00C358F7
:1096200080204000C01A704710B52130FF30FFF78E
:10963000F4FF10BD10B51430FCF772FB10BD30B54F
:1096400083B005000C00EFF3108300930123019316
:1096500072B6019B5A1E0192002B04D021002800F3
:10966000FCF774FBF5E7009B002B02D162B6BFF359
:109670006F8F03B030BD00B583B0EFF3108300935C
:109680000123019372B6019B002B08D0FCF7D5FB98
:10969000009B002B0BD162B6BFF36F8F07E0009BDE
:1096A000002B02D162B6BFF36F8F0120404203B09E
:1096B00000BD10B504000069FDF758FE002805D074
:1096C0002069FDF763FE2069FDF755FE2069FDF76F
:1096D0003DFE00281AD02069FDF758FE0100230046
:1096E00014331800FFF7ABFF8C239B00E35CFF2BC8
:1096F0000CD020001430FFF790FF092806DC8D23E2
:109700009B00E3588F229200A2581A602069FDF74F
:1097100038FE002813D020002130FF30FCF7EEFA8D
:10972000002809D020002130FF30FFF7A4FFC1B28C
:109730002069FDF731FE02E02069FDF740FE206957
:10974000FDF709FE002805D02069FDF708FE206915
:10975000FDF7F8FD10BD000070B505000C000069B4
:10976000FDF70FFE00280BD028002130FF30FCF75A
:10977000C5FA002804D128692100FDF70DFE45E057
:1097800028002130FF30FCF7C2FA002835D0EFF373
:109790001083DB0728D41E4B5B68DB05DB0DEFD0A5
:1097A000103B5BB2002B11DA0F221A40083A9208E4
:1097B0000632920016498C466244526803210B40DF
:1097C000DB00DA409209032313400BE09A08C03211
:1097D00092001049525803210B40DB00DA409309F4
:1097E00003221340032BCBD82869FDF7CAFD0028BC
:1097F000C6D02800FFF75DFFC2E728002130FF3008
:109800002100FFF71CFF2869FDF7D5FD012070BD81
:1098100000ED00E000E100E070B504001430FFF757
:109820002AFF05008C239B00E35CFF2B0CD020005B
:109830001430FFF7F2FE0A2806DD8E239B00E35862
:109840008F229200A2581A60280070BD10B54422E1
:109850000021134805F0C2FD44220021114805F003
:10986000BDFD114B00221A60104B103280215A505E
:109870000131FF315A50C12080001958FF24A14303
:1098800019501A600A4B0B4A5A800B4A137802216E
:109890000B431370084B5B78DB09012BFAD010BD2A
:1098A00014130020D01200205C13002000E100E01F
:1098B000000C00400540000000180040F0B583B0E7
:1098C00004000F00019243001B18DA003E4B9B1866
:1098D00016269E57731C74D0102E72D03B4B1B68FB
:1098E000002B04D1FFF7B2FF384B01221A6001258B
:1098F000B540374A53692B4353610021200001F0E2
:1099000069F8002F07D158E09A0032481258AA424D
:1099100006D0013300E000232F4A11689942F3D8A2
:10992000994202D101312C4A11609B00294A9D5075
:109930002A4A9F50072E03DD083EB600012301E0AE
:10994000B6000023224F9A1D9200D1590720B04043
:109950008143D151019A042A2FD89400204A1259E8
:1099600097461B4806339B001A580521B1400A430D
:109970001A5022E0164806339B001A580421B140C1
:109980000A431A5019E0124806339B001A58032163
:10999000B1400A431A5010E00D4806339B001A5894
:1099A0000221B1400A431A5007E0094806339B00E0
:1099B0001A580121B1400A431A502D042D0C044BB2
:1099C000DD6003B0F0BDC046BC1A01005813002092
:1099D00000180040141300205C130020D012002057
:1099E0005820010070B500240FE00A4B1A69A3004B
:1099F00009495B58134207D0A500084BEB5898471C
:109A0000054BEA58034B1A610134054B1B68A3420E
:109A1000EBD870BD0018004014130020D0120020B5
:109A20005C13002070B50E0044680025002C0BD09C
:109A300023685B68310020009847002802DB2D185E
:109A4000E468F3E701256D42280070BD70B50D0094
:109A50004468002C08D023689B68290020009847A0
:109A6000002802D1E468F4E7002070BD70B50D0055
:109A70004468002C07D02368DB6829002000984741
:109A80002D18E468F5E700232B7070BD70B50D004C
:109A90004468002C08D023681B68290020009847E0
:109AA000002802D1E468F4E7002070BDF8B5050095
:109AB0000F0043788A799B18027A934224DC42682B
:109AC000002A02D1696004E01A00D368002BFBD1A0
:109AD000D7602B783B716B787B71FB792A789B1868
:109AE0002B700024BB79A34210D9A600BB689C460A
:109AF00066446878FEF766FD336803606B7801336F
:109B00006B700134E4B2EDE7002000E00120F8BD05
:109B100010B5064B1B68DB0705D40548FEF74AFD68
:109B2000024B01221A60024810BDC046601300209B
:109B300064130020F8B505000024561E002A0BD03F
:109B40002B681B684F1C097828009847002803D011
:109B5000013432003900F0E72000F8BD10B50B00E9
:109B600009689A6803685B68984710BD70B505007E
:109B70000C1E09D0080006F07BF902002B685B6818
:109B800021002800984700E0002070BD10B5036850
:109B90001B68984710BD000010B503685B6802227F
:109BA0000149984710BDC0467820010070B50500F6
:109BB000FFF7D4FF04002800FFF7EEFF201870BD68
:109BC000F0B5C64600B58AB080460D00160001AA61
:109BD00020230021D154012E00D80A2609AF3100DC
:109BE000280002F073FCCCB23100280002F0E8FB40
:109BF0000500092C02D83034E4B201E03734E4B275
:109C0000013F3C70002DEAD1002F0AD0380006F049
:109C10002FF9020043461B685B68390040469847AD
:109C200000E000200AB004BC9046F0BD10B5002A48
:109C300004D1C9B203681B68984702E0D2B2FFF7AB
:109C4000BFFF10BD10B5FFF7F1FF10BDF0B5C64660
:109C500000B584B0039016001D000A9C002C00DAA9
:109C6000022432002B003000290005F08BF9002877
:109C700005D054490398FFF779FF06009CE06F0078
:109C80007F0801225242504B3000390005F07AF92A
:109C900000280ED1012252424B4B3000390002F015
:109CA00025FD002805D149490398FFF75FFF06000D
:109CB00082E0E0221206464B3000290002F020FD2F
:109CC000002805D043490398FFF750FF060073E0D2
:109CD000E0221206404B3000290002F0FDFC002873
:109CE00005D03C490398FFF741FF060064E00022DD
:109CF00000233000290002F0EFFC002809D02D21BC
:109D00000398FFF743FF804680231B069C4665446B
:109D100001E000239846002700203049A74206DAD8
:109D200000222F4B03F06AFF0137FFB2F6E7020073
:109D30000B003000290003F045FC05000E0002F086
:109D400045FD070005F0AAF902000B0028003100CC
:109D500004F0D0FD009001910A223900039D2800F3
:109D6000FFF764FF40440600002C04DD1D49280075
:109D7000FFF7FCFE3618651E002C1DDD0022184B77
:109D80000098019904F044FB0090019102F01EFD3F
:109D900007000A2201000398FFF754FF3618380025
:109DA00005F07CF902000B000098019904F0A2FD77
:109DB000009001912C00DEE7300004B004BC904616
:109DC000F0BDC0466C200100FFFFEF7F7020010056
:109DD000FFFFEF4174200100FFFFEFC10000E03FF3
:109DE000000024404C16010000B583B00499009196
:109DF000FFF72CFF03B000BD10B504000068002879
:109E000001D005F0B3FA200010BD10B504000068C1
:109E1000002801D005F0AAFA00232360A360636044
:109E200010BD70B504000D000131006805F0E4FFBD
:109E3000002803D020606560012000E0002070BD94
:109E400010B504000368002B02D043688B420BD28C
:109E50002000FFF7E6FF002807D0A368002B04D1FD
:109E6000236800221A7000E0012010BD70B50400C4
:109E70000E0015001100FFF7E3FF002803D12000BA
:109E8000FFF7C3FF0BE0A5602A003100206805F052
:109E900089FA2368A2689446634400221A7020005D
:109EA00070BD70B504000D00002303604360836043
:109EB000002907D0080005F0DBFF02002900200080
:109EC000FFF7D4FF200070BD10B50400884209D010
:109ED0000B68002B04D08A681900FFF7C7FF01E068
:109EE000FFF793FF200010BD10B5040000230360AE
:109EF00043608360FFF7E8FF200010BD70B50500E8
:109F00000C1E08D0080005F0B3FF02002100280055
:109F1000FFF7ACFF01E0FFF778FF280070BD10B538
:109F20008AB004000800002323606360A36001A9D5
:109F300000F021FA01A92000FFF7E0FF20000AB09D
:109F400010BD10B58AB004000800002323606360D0
:109F5000A36001A900F0D8F901A92000FFF7CEFF06
:109F600020000AB010BDF0B583B007000E00150048
:109F700083689C18002916D0002A17D02100FFF70B
:109F80005FFF0190002813D03B68BA689446634491
:109F900018002A00310005F005FABC603B681C1966
:109FA0000023237004E00023019301E001230193C7
:109FB000019803B0F0BD70B505000C1E08D0080074
:109FC00005F056FF020021002800FFF7CCFF00E05B
:109FD000002070BD10B504000B0009689A68FFF7F7
:109FE000C2FF002802D12000FFF70FFF200010BDA4
:109FF00010B50400002903D0FFF7DDFF002802D1CF
:10A000002000FFF702FF200010BD0B680078984287
:10A0100000D9180070470000F0B593B004000F1C81
:10A020000F266E44327000230360436083600C4946
:10A030003000FFF7EAFFC5B23570AE1C76B2381CAF
:10A0400005F05EF805AB00932B00320000F02CF811
:10A0500001002000FFF752FF200013B0F0BDC04602
:10A0600080200100D0B5D4B0040016001F000023EA
:10A070000360436083600B4958A8FFF7C6FFC3B273
:10A0800058AA13709A1C52B203A9009130003900EB
:10A0900000F00AF801002000FFF730FF200054B064
:10A0A000D0BDC0467C20010030B587B004000D0053
:10A0B000064901A805F0BCFE22002B0001A90A9860
:10A0C00005F0B6FE0A9807B030BDC04684200100F6
:10A0D000FEE7000010B5034B1B68002B00D098472B
:10A0E00010BDC0467013002010B5134A134B9A429E
:10A0F0000DD0134A104B9A4203D10AE002CA02C3A0
:10A1000001E00D4B0E4A0D498B42F7D301E00A4B9B
:10A110000B4A09480949884209D09A4203D106E00E
:10A12000002204C300E0074B074A9342F8D300F033
:10A130004FF900F025F9FEE700000020440200205E
:10A140002026010044020020E413002010B500F096
:10A1500089F8002801D100F06DF810BD014B18609E
:10A160007047C04670130020014B18687047C04606
:10A170007413002030B51E4B9C681E4B5968802319
:10A18000DB0419404B1E9941C9B21B4B18680AE009
:10A19000100019002C0006E0100019002C0002E04D
:10A1A000100019002C00124B9D68124B5B68802236
:10A1B000D20413405A1E9341DBB20F4A12689942EF
:10A1C000E6D19042E8D1AC42EAD309184801401ADE
:10A1D00080004118C800064B5B681B1B9C00E418FC
:10A1E0002301E4182302E418240D001930BDC046F1
:10A1F00010E000E000ED00E07413002070B5041ED4
:10A2000015D0FFF7B7FF05000FE000F02AF804E0D3
:10A21000013CFA239B009C466544002C05D0FFF7C7
:10A22000A9FF401B024B9842F2D8002CEDD170BD23
:10A23000E703000010B5034A13680133136000F010
:10A240005BFC10BD7413002010B5002808D043003B
:10A25000181803011800032102F0B2F80138FDD1EB
:10A2600010BD704700207047F0B5CE46474680B518
:10A270008BB0884600293FD01700931E222B3DD873
:10A280000A2A05D1002803DA46420123994617E03D
:10A2900006000023994613E03900300002F016F959
:10A2A0000D003900300002F08BF80600092D03DCA8
:10A2B00030352570013404E057352570013400E055
:10A2C00001AC002EE8D101AB9C42E5D04B46002BFF
:10A2D0000AD0434601332D2241460A7005E0013C75
:10A2E00022781A70013300E0434601AA9442F6D85E
:10A2F00000221A70404602E0080000E000200BB087
:10A300000CBC90469946F0BDF0B58DB005000191AA
:10A3100000292BD01600023A222A29D803AC13E0D8
:10A320003100280002F0D2F80F003100280002F0BE
:10A3300047F80500092F03DC30372770013403E0AC
:10A340003B00573323700134002DE9D103AB9C420D
:10A35000E6D0019B03E0013C22781A70013303AA86
:10A360009442F8D800221A70019802E0019800E0A7
:10A3700000200DB0F0BD10B5FFF776FF10BD70479F
:10A3800010B500F0EBF804F0C3FFFFF7F8FF012071
:10A39000FFF734FF084C2000FEF73EFF2000FDF7DA
:10A3A0007DFDFBF78BFBFBF773FB044B002BFAD017
:10A3B00000E000BFF7E7C046100D002000000000DD
:10A3C00010B504F0C9FF10BD10B504F0CFFF10BDEB
:10A3D00052494A681E239A431C3B13434B60504A20
:10A3E000936908210B4393614E4B4F4A9A829A8A94
:10A3F00002210A439A824B4BDB689B07FBD54B4BF0
:10A4000001221A70494B1B78DB0704D5474B5B7858
:10A410005BB2002BF6DB454B01229A60434B5B7825
:10A420005BB2002BFADB414B414A5A603F4B5B78F1
:10A430005BB2002BFADB3D4B8222D2015A803B4BB0
:10A440005B785BB2002BFADB364B02229A84354BE9
:10A45000DB68DB06FBD5334B364ADA62314BDB680F
:10A46000DB06FBD52F4A938C33490B4393842D4B4A
:10A47000DB68DB06FBD52B4A938C02210B439384CC
:10A48000284BDB681B06FBD5264BDB685B06F7D544
:10A49000244BDB68DB06FBD5244B00229A60234B60
:10A4A0005B785BB2002BFADB204B244A5A601F4BCF
:10A4B0005B785BB2002BFADB1A4B196A204A0A4020
:10A4C0001A62196A802291431962184B03229A601A
:10A4D0001C4A5A60154B5B785BB2002BFADB104BC1
:10A4E00000221A725A729A72DA72174B174A1A605D
:10A4F000174B1A68D10807230B4016490868C00E8D
:10A500005101FF220A401B0202431343124A1385E2
:10A51000024A516880230B4353607047004000415A
:10A5200000040040000800400C060000000C004041
:10A5300001050100B905FF7D040A000000070300C2
:10A54000FFFCFFFF0306010028000020006CDC0276
:10A5500024608000206080000040004210B5354B30
:10A560001868FA21890001F02BFF0138324B98421C
:10A5700025D832494860324A136A1B021B0AC020A0
:10A5800000060343136200238B6007330B60136ADA
:10A590001B021B0A802109060B431362294B1A6A0E
:10A5A000FC210A431A62196AFC2292010A431A62C8
:10A5B000196AA022D2020A431A62002405E0FEE7CB
:10A5C000E0B2002100F04EF90134122CF8D91E4BF4
:10A5D0005B785BB2002BFADB1B4B1C4A5A801C4B8E
:10A5E0005B7EDB09012BFAD0194BE422D2009A8062
:10A5F0003F22DA70164B5B7EDB09012BFAD0144B3D
:10A60000C02252011A6100229A70002000F054F812
:10A610000D4B5B785BB2002BFADB0B4B0D4A5A807B
:10A620000D4BDB79DB09012BFAD00B4B41225A7021
:10A6300010BDC04628000020FFFFFF0010E000E032
:10A6400000ED00E000040040000C00401E4000004F
:10A65000004000422140000000480042134B1860B7
:10A660000A2808DD124A938830218B439380114BCE
:10A670000C221A6014E008280ADD0D4A9388302164
:10A680008B4320210B4393800A4B0A221A6007E078
:10A69000074A938830210B439380064B08221A60A7
:10A6A000034B5B7EDB09012BFAD0704730000020A2
:10A6B000004000422C000020224B5B7EDB09012B76
:10A6C000FAD0052831D880001F4B1B589F461D4AE1
:10A6D00011691E4B0B40136153780F218B430121ED
:10A6E0000B4353702DE0174A1169184B0B4013614F
:10A6F00053780F218B4303210B43537021E0114BFF
:10A700001969124A0A401A615A780F218A435A700D
:10A7100017E00C4A11690D4B0B40136153780F2160
:10A720008B4302210B4353700BE0064A1169F0235F
:10A730001B050B43136153780F218B4302210B43FD
:10A74000537070470040004290200100FFFFFFF06F
:10A7500010B50400172801D81834E4B201212000F4
:10A7600000F038F9220063001C19E100384B5B1837
:10A770001B7C5BB2002B01D0142B0ED1354BDB7947
:10A78000DB09012BFAD033490B78022083430B708D
:10A79000304BDB79DB09012BFAD02F4B5B7EDB09D9
:10A7A000012BFAD053009B18DA00294B9B181A7C16
:10A7B0001F23134028490A691F20824313430B615A
:10A7C000254B5B7EDB09012BFAD0234A137802214B
:10A7D0000B431370204B5B7EDB09012BFAD01E4A22
:10A7E000137B02210B4313731B4B1B7EDB07FBD533
:10A7F000194B01221A76184B5B7EDB09012BFAD02C
:10A80000154A137B02210B431373134B1B7EDB078B
:10A81000FBD5114B588B80B20F4B5B7EDB09012BB4
:10A82000FAD00D4A137802218B4313700A4B5B7EDA
:10A83000DB09012BFAD0094B1A68094B1B689A42B5
:10A8400005D002D9D31AD84001E09B1A984010BD18
:10A85000BC1A010000480042004000422C000020C9
:10A860003000002070B543001B18DA003A4B9B18EB
:10A870001B7A5BB201336DD0012953D0002904D07B
:10A8800002291BD0032933D064E0334C4200111855
:10A89000CB0019001B5761184D68DB012F498C460E
:10A8A00063445B194033022119700139A940101823
:10A8B000C3001B57DB01634459604BE0264C430047
:10A8C0001918CA001100125761184D68D2012349A6
:10A8D0008C4662445119403106260E700121A94070
:10A8E00051601818C3001B57DB016344996131E0C4
:10A8F000194C43001918CA001100125761184D680D
:10A90000D20116498C4662445119403106260E7018
:10A910000121A94051601818C3001B57DB01634493
:10A92000596117E00C4C42001118CB0019001B575D
:10A9300061184D68DB0109498C4663445B1940335B
:10A94000022119700139A9401018C3001B57DB01FF
:10A950006344996070BDC046BC1A010000440041C8
:10A9600070B543001B18DA00184B9B181B7A5BB2BA
:10A9700001332AD0154C42001518EB001D001B575F
:10A98000641965680122AA40DC01114884466444C8
:10A99000A06802420CD10E00701E8641D8016044AE
:10A9A000401940300478B5000426B4432C430470A9
:10A9B000002905D1DB0106498C4663445A6104E055
:10A9C000DB0103498C4663449A6170BDBC1A0100E7
:10A9D00000440041F8B543001B18DA003A4B9B18BD
:10A9E0001B7A5BB2013367D04B1CDAB20C2A66D8F3
:10A9F0009300364AD3589F460120404262E009291D
:10AA000005D1C0B20021FFF72DFF00205AE00A292E
:10AA100005D1C0B20839FFF725FF002052E00B290D
:10AA20004FD1C0B20A39FFF71DFF00204AE04300B2
:10AA30001B18DA00244B9B185B68DA071ED5224DE1
:10AA400044002618F20052575B08D201204EB4464B
:10AA50006244D31830331E780901C9B20F273E4033
:10AA6000314319702018C300ED186B68D3184033B8
:10AA70001A7801210A431A70002023E0124E440084
:10AA80002518EA0092575B08D201114DAC4662448A
:10AA9000D31830331F780F252940AF43394319703D
:10AAA0002018C300F6187368D31840331A780121B0
:10AAB0000A431A70002005E00120404202E0002015
:10AAC00000E00020F8BDC046BC1A0100A82001002B
:10AAD0000044004110B50400FDF74CF8014B1C6028
:10AAE00010BDC04634000020024B012252421A60C1
:10AAF0007047C0463400002010B5064B1B685A1C36
:10AB000006D0013B034A1360002B01D1024B98474A
:10AB100010BDC04634000020C525010072B6037880
:10AB2000DBB28B4202D10270012000E0002062B64D
:10AB30007047000070B50500074B08330360002420
:10AB40006B6CA34206D9A300EB185868FFF73CFCD6
:10AB50000134F5E7280070BDDC200100F8B50600DF
:10AB6000164B083308C04022002104F037FC0023B4
:10AB70004D22B354B3643365013AB354A42040006A
:10AB8000FFF71EFC070005000F24002C05DB280042
:10AB900000F068F91435013CF7E70023A0225200C9
:10ABA000BB5004321021B9507760443AFF3A7264C6
:10ABB000B3655332B3543000F8BDC046DC20010009
:10ABC00010B501280BD1064B994208D1054C200045
:10ABD000FFF7C4FF044A0549200000F00CFA10BD3D
:10ABE000FFFF0000781300200000002035AB0000BC
:10ABF000F0B583B007000D00030054330193012228
:10AC000000210198FFF78AFF041E01D1FFF729FBFD
:10AC1000002CF4D0EB7C002B2ED0BE6C002E03D188
:10AC200000236B60BD6427E0300000F026F90400CB
:10AC3000280000F022F9844202D36E60BD641BE05C
:10AC40007468002C0FD0200000F017F907002800CE
:10AC500000F013F9874202D96C6075600CE06368FC
:10AC600026001C00EDE700236B60756000220121C7
:10AC70000198FFF753FF04E0002201210198FFF73C
:10AC80004DFF03B0F0BD70B582B006000D000300AB
:10AC900054330193012200210198FFF73FFF041E66
:10ACA00001D1FFF7DEFA002CF4D0B26C002A1AD0E2
:10ACB000954204D16B68B36400236B6013E0536862
:10ACC000002B0AD0AB4204D15968516000225A606F
:10ACD00003E059681A000B00F2E7002201210198F5
:10ACE000FFF71CFF04E0002201210198FFF716FF87
:10ACF00002B070BD30B50023426C9A4216D99A005A
:10AD000082185468A0225200A25891420CD3A22566
:10AD10006D0065595519A94206D28A1A9500AA18DC
:10AD200095006419002C02D10133E5E700242000CE
:10AD300030BDF0B5C64600B506004D230022C25412
:10AD4000036D002B04D0036D4C32805CC0B2984779
:10AD5000736C013B9B00F3185B68A02252009F5864
:10AD600004329B58FF180024BC4230D2210030002E
:10AD7000FFF7C0FF0500437C002B26D0837C032215
:10AD80001340427C002A20D0022B1ED1037C9B065C
:10AD900018D4B36D9846B06500F0A2F829003000D1
:10ADA000FFF771FF280000F0B8F8002804D0290050
:10ADB0003000FFF71DFF02E0280000F07EF8434658
:10ADC000B36502E04D230122F2540134CCE704BC08
:10ADD0009046F0BD70B505004D23C35C002B01D03B
:10ADE000FFF7A7FFAC6C002C20D0200000F045F846
:10ADF00000281BD1237C9B0616D4AE6DAC652000C9
:10AE000000F09AF821002800FFF73DFF200000F035
:10AE100084F8002804D021002800FFF7E9FE02E0B2
:10AE2000200000F04AF8AE656468DCE770BDF8B554
:10AE300004000E00FFF715FAA76DFFF79BF9050058
:10AE40002000FFF7C7FFFFF795F9401BB042F7D38B
:10AE5000A765F8BD10B502490120FFF7B1FE10BD8E
:10AE6000FFFF00000023036002220274C3608360BE
:10AE70004360837443604374704770B50500037C7E
:10AE80001B0708D1C468FFF775F9AB68C01A844284
:10AE90000FD3201A10E0C468FFF766F9AB68C31A35
:10AEA0009C4208D3E41A63011B1B9B001B19D800AA
:10AEB00002E0002000E0002070BD10B50400837C9B
:10AEC0001B0705D50068002802D003689B689847D7
:10AED00000232360A360022222746360637410BDA8
:10AEE00010B50400037C2022134303740068036838
:10AEF000DB689847E06023681A7A002A05D00022B0
:10AF00001A72206803681B689847FFF733F9A0603E
:10AF1000237C20229343237410BD837C032213409F
:10AF2000022B04D10368587A0123584003E0037CC4
:10AF30001B0901201840704710B582B00400019031
:10AF4000037C202213430374C37C002B27D0837C13
:10AF500003221340012B04D0022B07D1FFF7C0FFBF
:10AF60001DE0006803681B68984701E00368984784
:10AF70002000FFF7D2FF00280BD0E37C002B08D085
:10AF8000237C1B0702D1FFF7F5F801E0FFF7ECF88F
:10AF9000A060019A137C20218B43137403E0237C6F
:10AFA00020229343237402B010BDF8B514001D0095
:10AFB00003F0A0FC06000F00089A099B0A980B9961
:10AFC00003F098FC02000B003000390003F020FA77
:10AFD00006000F0022002B000698079903F08AFC58
:10AFE00002000B003000390002F008FE089A099BAD
:10AFF00002F0E8FAF8BD0B0010B50100180004F0EB
:10B0000073F910BDF0B5D6464F464646FE22C0B590
:10B01000030082B09205904200D16CE0434A44495B
:10B0200082188A4200D968E0424A434992469A44CB
:10B03000524689465202120F12014A449046524625
:10B04000D00DC005181A04F05BF843461A685B6817
:10B0500003F0DEF90022394B03F04CFC02000B0038
:10B0600006000F0003F0D4F94B461133FF33040000
:10B070001A685B680D003000390003F0C9F94B46CF
:10B080001933FF331A685B6802F09CFA4B460933A8
:10B09000FF33009001911A685B682000290003F0DB
:10B0A000B7F9009A019B02F08DFA22002B0003F001
:10B0B000AFF953460400D8150D0003F0B5FF4B4619
:10B0C0000133FF331A685B6803F0A2F943469A68BC
:10B0D000DB6802F077FA32003B0002F073FA2200DC
:10B0E0002B0002F06FFA04F05DF802B01CBC904631
:10B0F0009946A246F0BD0020F7E742000FD0FF219D
:10B10000C9058842F1D000280DDB0D4B9A420AD8C0
:10B110009621C90501F0EAFE0A4BC31884E7012015
:10B1200001F012F8E1E701F01FF8DEE7000080FF10
:10B13000FFFFFF7E0000CDC0E82001000000F03FCF
:10B14000FFFFFFFE000080F4F0B557464E46DE4696
:10B150004546E0B58FB01D0006000F00140000F05A
:10B16000ADF9CE4B009001919A461B785BB299469F
:10B1700001333ED022002B002000290003F002FF03
:10B180008346002835D132003B003000390003F0FF
:10B19000F9FE00220390002800D06FE00023300069
:10B1A000390001F093FA00282CD00022002320005F
:10B1B000290001F08BFA8346002800D192E004AB0D
:10B1C0009846012342460493B54B53604346039A85
:10B1D0001C615D611A629E60DF60424600230024AC
:10B1E0009361D4614B46002B67D00023AD4C009394
:10B1F0000194009801990FB03CBC90469946A24634
:10B20000AB46F0BD0098019900F0C8FF81460028C8
:10B2100000D19AE0009801990022002301F056FA2B
:10B220000028E6D03000390000F0B8FF0028E0D058
:10B230002000290000F0B2FF0028DAD004AB9846C5
:10B24000042342460493964B1461556153600023D6
:10B250000024136200239361D46153461B789660E7
:10B26000D7605BB2022B04D0404600F0A1FF00285B
:10B2700029D104F047F82223036024E000232000B2
:10B28000290001F023FA0028B3D004AB984601232B
:10B2900042460493824B4146536043465A461A62E3
:10B2A00000229E60DF601C615D617E4B8A61CB6124
:10B2B000009201934B46022B9BD0404600F078FF52
:10B2C000002800D18AE043461B6A002B04D004F01A
:10B2D00019F843461B6A03604346DC699B69009387
:10B2E000019486E72000290000F058FF002800D1D3
:10B2F0007FE7002200232000290001F0EDF900285B
:10B3000000D176E704AB9846012342460493644B90
:10B31000536043465A469E60DF601A621C615D615D
:10B3200053461B785BB2002B5DD0002042465E493D
:10B330009061D161022B5BD103F0E4FF2123036014
:10B3400043461B6A002BC7D0C1E73000390000F02C
:10B3500025FF002800D15DE72000290000F01EFF36
:10B36000002800D156E70098019953461B78020047
:10B370005BB29B460B0003F005FE04AB9846002829
:10B3800062D1032342460493454B146155615360D7
:10B3900010629660D760454B20002900002203F020
:10B3A00037F85B4604000D00002B27D1E022414610
:10B3B0003F4B12068A61CB61300000220023390026
:10B3C00001F08AF900282AD1404600F0F1FE002859
:10B3D000B6D103F097FF22230360B1E703F092FF99
:10B3E000212303606FE74246002300249361D46168
:10B3F000404600F0DDFE0028A2D19DE70022414634
:10B400002C4B30008A61CB6100220023390001F00F
:10B4100063F9002835D15B46022BDAD0D4E720004F
:10B42000290000F0CDFE22002B0001F04FF900288A
:10B4300005D1E022204B120641468A61CB6153467A
:10B440001B785BB29B46E6E7012342460493144B0C
:10B45000536043464A469E60DF601A621C615D612C
:10B460005B46002BBFD0002300221900100002F021
:10B47000C5FB43469861D9615B46022B00D15BE76F
:10B48000B6E72000290000F09BFE22002B0001F00F
:10B490001DF90028D3D10022034BCDE7380000204E
:10B4A000082201000000F03F0000F0FF0000E03F34
:10B4B000FFFFEF470000F07FFFFFEFC7F0B55746F3
:10B4C000DE464E4645465C006408E0B598461F00DF
:10B4D000230093B083468A46160013430CD07D4B5D
:10B4E0004D00029181466D089D4212DD7A4B9C46CB
:10B4F0005B4665441D4361D10023784C0093019461
:10B500000098019913B03CBC90469946A246AB46C0
:10B51000F0BD9D4250D09C42E8DC6E4B9C426BD00B
:10B52000002304935346002B69DB002A10D1694B9A
:10B530009C424CD0694B9C4200D1A3E08023DB05A8
:10B54000984500D1BCE0664B984501D100F0D6FB90
:10B550005846514600F01EFE4B4600900191002BCC
:10B5600007D1002D67D053465C4A9B009B0893424D
:10B5700061D05346DB0F013B99464A46049B134377
:10B5800000D190E0574B9C4200DCBBE0564B9C4204
:10B5900001DC00F010FC554B9D4201DC00F004FC86
:10B5A0004346002B23DD524A524B1000190002F093
:10B5B0002FFF00900191A3E7002805D04E4800F02E
:10B5C000F9FD009001919BE7AC42F7DCA5E75A46F4
:10B5D000414BEB18134300D18EE7444B9D4200DCF6
:10B5E00099E3434600960197002B00DB88E7002390
:10B5F00000240093019483E7002A91D076E73F4B23
:10B600009C423CDC394B9C428FDD3D4923158C46E6
:10B610006344142B00DCB2E33421CB1A3100D9404F
:10B6200008009840904200D07FE701231940013381
:10B630005B1A049379E74346002B07DA009A019BD3
:10B640000020264902F0DAFA00900191029B002BBB
:10B6500000DB55E7204B9C46049B65441D4301D10C
:10B6600000F00EFC049B012B00D049E7009C019DDB
:10B670008021220009066B180092019340E7022303
:10B68000049352E758465146434600900191002BDF
:10B6900000DB35E75A4653460020104902F0AEFA67
:10B6A000009001912CE75A4653465846514603F004
:10B6B00021F902000B0002F0A1FA009001911FE7AE
:10B6C0005A4653465846514602F0A2FE0090019158
:10B6D00016E7C0460000F07F000010C00000F03FF9
:10B6E0000000E03F0000E0410000F043FFFFEF3FBB
:10B6F0009C7500883CE4377EF8140100FFFF3F434F
:10B7000001FCFFFFE44B00229D420ADC00980199F6
:10B710000022E24B02F07CFE35220D0000900191E8
:10B720005242DF492B158C46634498462D03DD4C6D
:10B73000DD4B2D0B90442C439D420ADDDB4B9D429B
:10B7400001DC00F001FC01239C46D94BE0449C46FF
:10B750006444002200230E920F9310921193002252
:10B760000025D04B0692079300980199069A079BF3
:10B7700021000890099103F0BDF8069A079B0A90F2
:10B780000B910898099901F01DFF02000B000020A1
:10B79000C44902F033FA0A00010013000C910D9223
:10B7A00002000A980B9902F033FE0A000100130010
:10B7B00002910392002200920193802364109B0562
:10B7C000234380242403A446002063445919040021
:10B7D0000D0002000B000098019902F019FE020012
:10B7E0000B000A980B9903F085F8069A079B0A90BC
:10B7F0000B912000290003F07DF802000B0008984F
:10B80000099903F077F8009A019B02F001FE02000B
:10B810000B000A980B9903F06DF80C9A0D9B02F03F
:10B82000F7FD029C039D0890099122002B00200047
:10B83000290002F0EDFD04000D009E4A9E4B02F02F
:10B84000E7FD9E4A9E4B01F0BDFE22002B0002F058
:10B85000DFFD9C4A9C4B01F0B5FE22002B0002F05C
:10B86000D7FD9A4A9A4B01F0ADFE22002B0002F060
:10B87000CFFD984A984B01F0A5FE22002B0002F064
:10B88000C7FD964A964B01F09DFE22000690079157
:10B890002B002000290002F0BBFD02000B000698DF
:10B8A000079902F0B5FD009A019B04000D00029873
:10B8B000039901F087FE089A099B02F0A9FD220076
:10B8C0002B0001F07FFE009C019D0A900B9122004D
:10B8D0002B002000290002F09BFD0022814B040078
:10B8E0000D0001F06FFE0A9A0B9B01F06BFE002227
:10B8F0000B0011001A00069107920A0000980199A6
:10B9000002F086FD00220C900D9106980799754B68
:10B9100002F0F0FF22002B0002F0ECFF02000B000F
:10B920000A980B9902F0E6FF029A039B02F070FD61
:10B93000069A079B04000D000898099902F068FD1B
:10B9400002000B002000290001F03CFE04000D0065
:10B9500002000B000C980D9901F034FE002210003B
:10B96000E022614B12060090019102F051FD0C9A09
:10B970000D9B029003910098019902F0BBFF020019
:10B980000B002000290002F0B5FF584A564B02F088
:10B990003FFD574A04000D0000980199554B02F0F5
:10B9A00037FD02000B002000290001F00BFE109A69
:10B9B000119B01F007FE06900791404603F034FB0F
:10B9C000069A079B04000D000298039901F0FAFD06
:10B9D0000E9A0F9B01F0F6FD22002B0001F0F2FD04
:10B9E000002022002B000090019102F083FF0E9AAC
:10B9F0000F9B02F07FFF029A039B02F07BFF020085
:10BA00000B000698079902F075FF069007914A46C9
:10BA1000049B013B134300D188E10023214C029396
:10BA2000039400223B0030003900140002F062FF52
:10BA3000009A019B02F0ECFC32003B00049005915F
:10BA40000698079902F0E4FC02000B00049805999F
:10BA500001F0B8FD3D0006000F000098019922009A
:10BA60002B000496059702F0D3FC02000B00300077
:10BA700039000092019301F0A5FD1F4B04000D0059
:10BA80008B460200994200DC55E11C4BCB18034366
:10BA900000D0FBE134E0C046FFFF0F000000404350
:10BAA00001FCFFFF0000F03F8E98030079B60B0009
:10BAB0000000F0FFEF4E454A287ECA3F65DBC99380
:10BAC0004A86CD3F01411DA96074D13F4D268F515B
:10BAD0005555D53FFFAB6FDBB66DDB3F03333333DB
:10BAE0003333E33F0000084009C7EE3FFD033ADC73
:10BAF000F5015B14E02F3EBEFFFF8F40000070BFDA
:10BB000004980599E84AE94B01F05CFD009A019B15
:10BB100006000F002000290002F0ECFE02000B00DE
:10BB20003000390000F0ECFDAA46002800D0ADE15D
:10BB30008024DF4A53469446640322001B15634465
:10BB40001A411300DB495B445A001E001B038C465C
:10BB50001B0B23431424520DD74D62441541A21AE6
:10BB6000134199465B46AE4300203100002B02DAB8
:10BB70004B465B42994602000B000098019902F087
:10BB8000B9FE4B461B0500900191020098460B0040
:10BB90000498059901F016FD0D0000240022C74B02
:10BBA0002000290002F034FC009A019B06900791C6
:10BBB0002000290002F09EFE02000B000498059967
:10BBC00002F098FEBE4ABF4B02F022FCBE4A0600BD
:10BBD0000F00BE4B2000290002F01AFC02000B00EF
:10BBE0003000390001F0EEFC04000D0002000B00F3
:10BBF0000698079901F0E6FC069A079B06000F00DD
:10BC000002F078FE02000B002000290002F072FE14
:10BC10003200009001913B003000390002F0F8FB47
:10BC200004000D00AA4AAB4B02F0F2FBAA4AAB4B50
:10BC300002F060FE22002B0002F0EAFBA84AA94BAA
:10BC400001F0C0FC22002B0002F0E2FBA64AA74B49
:10BC500002F050FE22002B0002F0DAFBA44AA54BB2
:10BC600001F0B0FC22002B0002F0D2FB02000B001E
:10BC70003000390002F03EFE04000D0002000B000F
:10BC80003000390002F0C4FB8023049005910022AB
:10BC9000DB052000290002F02DFE02000B000498B5
:10BCA000059901F0ABFF009A019B04000D003000E4
:10BCB000390002F0ADFB009A019B01F083FC020009
:10BCC0000B002000290002F015FE32003B0002F0BC
:10BCD00011FE02000B000020874902F00BFE4346D4
:10BCE0005B181A15002A00DC3FE11900029A039B39
:10BCF00002F08EFB00900191FFF702FC5346002BEF
:10BD000001DAFFF725FC5846514600F03DF9009056
:10BD10000191FFF7F5FB4346002B00DB67E480232E
:10BD20001B06FB1800960193FFF7EAFB0023734CF8
:10BD30000293039475E64B005B089A46704B9A4554
:10BD400000DCF9E06F4B5B441A430AD1009A019B77
:10BD500002F0D0FD049A059B00F0DCFC002800D125
:10BD6000E6E602980399684A684B02F051FB664A7E
:10BD7000664B02F04DFB00900191FFF7C1FB002ADA
:10BD800001D0FFF7E5FB1432D31A22001A4111004B
:10BD90009940A14201D0FFF7CDFB01231A40DB18E7
:10BDA0009B1A0493FFF7C6FB4346002B01DBFFF70A
:10BDB0001EFCFFF7F8FB564B9D42F5DD4E4B9D42B6
:10BDC00001DDFFF7EDFB0098019900224A4B02F0DC
:10BDD00091FDC0224F4BD20504000D0002F018FB6C
:10BDE0004D4A029003914D4B2000290002F010FBB8
:10BDF0000022009001914A4B2000290002F008FB2C
:10BE000002000B004748484902F074FD22002B0055
:10BE100002F0FEFA02000B000020444902F06AFD25
:10BE20002200069007912B002000290002F0F0FA72
:10BE300002000B000698079902F0EAFA1A4A354BFD
:10BE400002F0E6FA02000B000098019902F052FDA0
:10BE500002000B0004000D000298039901F0B2FBF0
:10BE6000029A039B00200090019102F043FD020022
:10BE70000B002000290002F03DFD06900791C6E569
:10BE80000098019902000B00FFF711FC284A294B8A
:10BE90000298039902F0BCFA254A264B02F0B8FA40
:10BEA00000900191FFF72CFBFE822B654715973C14
:10BEB00002FCFFFF01FCFFFFFFFF0F00432EE63FE8
:10BEC000EF39FAFE422EE63F396CA80C615C20BEC9
:10BED000D0A4BE726937663EF16BD2C541BDBB3E90
:10BEE0002CDE25AF6A56113F93BDBE166CC1663F6E
:10BEF0003E5555555555C53F0000F03F0000F0BF79
:10BF0000FFCB904000346F3F59F3F8C21F6EA5017C
:10BF1000FEFFEF3F4715F73F44DF5DF80BAE543EA1
:10BF20000000D03F555555555555D53F0000E03FD1
:10BF30009C7500883CE4377E00220E4B904691466B
:10BF40009A4500DC29E6F3E580220B4BD2050E92E0
:10BF50000F930A4A0A4B8025109211930022094B35
:10BF6000ED0206920793FFF7FFFB4A4600F0B8F98F
:10BF7000BCE6C0460000E03F03B8E23F06D0CF4336
:10BF8000EBFD4C3E0000F83FF8B54746CE46674B08
:10BF900080B50A000F00190005003940994200D110
:10BFA0009BE004000100002F69DD3F1500D1B4E0E3
:10BFB0005F4B12039C468023120B5B0313435B0011
:10BFC000CA0F67449B184A00F80703D5D20F5B00DD
:10BFD0009B188A0079108C460021802016248946FF
:10BFE00080030D189D4202DC29185B1B8144D50F8C
:10BFF0005B00013C5B1952004008002CF1D100208D
:10C000008046802020250027000609E08B425CD076
:10C01000D40F5B00013DE31852004008002D16D0FC
:10C02000C4198B42F2DD27180E00002C49DB5B1A85
:10C03000A242894149425B1A121BD40F5B00013DA9
:10C0400080443100E31852004008002DE8D113432A
:10C050004ED143465B0837494A4688464946521006
:10C060004244C90702D5802109060B4361460F05EA
:10C07000BD18180029000CBC90469946F8BD7B00FD
:10C080005B0803433900002BF5D0002F3CD1E30AB5
:10C09000153A6405002BFAD08020400303423FD1BB
:10C0A000002700E00F005B00791C0342FAD0250056
:10C0B00020208D40401A2900D71B2200C2401A437D
:10C0C00076E7FE43F60F8E19B1E79442A0D8271801
:10C0D000002CF6DB1E000023AEE702003B00280028
:10C0E000390002F095F92A003B0001F06BFAC2E733
:10C0F0004346013303D0434601335B08ABE70123DA
:10C1000098460023C144A6E73B00020002F0F2FB80
:10C1100002000B0001F072FDADE713000022BBE747
:10C120000127210020207F42C6E7C0460000F07FA3
:10C1300001FCFFFF0000E03F70B50D00041C03F0A0
:10C14000E1F80560201C70BD10B5002808D1FE2064
:10C150008005002100F0F2FC2221FFF7EDFF10BD69
:10C160000048F6E7000080BF70B5011C041C00F019
:10C17000EFFF011C00F0E2FC211C051C201C01F05B
:10C18000ABF9002804D1281C2121FFF7D5FF051C9D
:10C19000281C70BD49004B0819007047034B48002C
:10C1A0009C4640086044C00F7047C04600001080A5
:10C1B00000207047002001497047C0460000F87F0A
:10C1C000F0B5C64600B5CB0F9846404A4B005B0D14
:10C1D0009A1882B00D000400132A2FDC002A49DBD4
:10C1E0003B4F17413E000E40064323D07F083900E5
:10C1F00029400C430AD03749BD438C4663445C4216
:10C200005C418023DB021341E4071D434146CE001D
:10C2100031492B008E1922003468756820002900EE
:10C2200001F0D0F9009001910098019922002B00B3
:10C2300002F060FB02B004BC9046F0BD332A08DD7A
:10C240008023DB009A42F5D102000B0001F0BAF91D
:10C25000F0E7224A9446012263445242DA40024205
:10C26000E8D052080242D1D094438022D2051A412C
:10C270001443CBE74B005B080343DBD00B031B0BE2
:10C280001C436342234380244D0C24031B0B234097
:10C290006D042B4319004346DA000F4B9B181C68B2
:10C2A0005D6802000B002000290001F08BF900906E
:10C2B00001910098019922002B0002F01BFB4246DD
:10C2C0004B005B08D60733431900B3E701FCFFFFBF
:10C2D000FFFF0F00EEFBFFFF10220100EDFBFFFF51
:10C2E0004B0070B55B0D14000A00002B1AD14B00F7
:10C2F0005B08034315D0234B002202F089F8224B40
:10C300009C422DDB0A004B005B0D363B1F4DE318B2
:10C31000AB422ADC002B0DDD1D4C1B0522401A43CD
:10C32000110070BD1B4DAB42F0D102000B0001F0BB
:10C3300049F9F6E71D00353519DA174B02009C4222
:10C3400009DD0B001548164900F032F8134A144B6A
:10C3500002F05EF8E5E70B001248134900F028F8F8
:10C36000104A114B02F054F8DBE70200E9E7084CF1
:10C37000363322401B051343190000220B4B02F0F9
:10C3800047F8CEE700005043B03CFFFFFE07000037
:10C39000FFFF0F80FF07000050C300009C7500885E
:10C3A0003CE4377E59F3F8C21F6EA5010000903CB3
:10C3B00030B54A00DB0FDB0752081A43110030BDCD
:10C3C000002243088B4274D303098B425FD3030AD4
:10C3D0008B4244D3030B8B4228D3030C8B420DD3E7
:10C3E000FF22090212BA030C8B4202D31212090275
:10C3F00065D0030B8B4219D300E0090AC30B8B42B3
:10C4000001D3CB03C01A5241830B8B4201D38B0360
:10C41000C01A5241430B8B4201D34B03C01A524105
:10C42000030B8B4201D30B03C01A5241C30A8B4248
:10C4300001D3CB02C01A5241830A8B4201D38B0233
:10C44000C01A5241430A8B4201D34B02C01A5241D7
:10C45000030A8B4201D30B02C01A5241CDD2C30949
:10C460008B4201D3CB01C01A524183098B4201D3C5
:10C470008B01C01A524143098B4201D34B01C01AB0
:10C48000524103098B4201D30B01C01A5241C30828
:10C490008B4201D3CB00C01A524183088B4201D397
:10C4A0008B00C01A524143088B4201D34B00C01A83
:10C4B0005241411A00D20146524110467047FFE7EF
:10C4C00001B5002000F0F0F802BDC0460029F7D009
:10C4D00076E7704703460B437FD4002243088B4224
:10C4E00074D303098B425FD3030A8B4244D3030BFB
:10C4F0008B4228D3030C8B420DD3FF22090212BAC0
:10C50000030C8B4202D31212090265D0030B8B423B
:10C5100019D300E0090AC30B8B4201D3CB03C01A25
:10C520005241830B8B4201D38B03C01A5241430B00
:10C530008B4201D34B03C01A5241030B8B4201D3F0
:10C540000B03C01A5241C30A8B4201D3CB02C01A5B
:10C550005241830A8B4201D38B02C01A5241430AD3
:10C560008B4201D34B02C01A5241030A8B4201D3C2
:10C570000B02C01A5241CDD2C3098B4201D3CB0169
:10C58000C01A524183098B4201D38B01C01A524118
:10C5900043098B4201D34B01C01A524103098B421C
:10C5A00001D30B01C01A5241C3088B4201D3CB0007
:10C5B000C01A524183088B4201D38B00C01A5241EA
:10C5C00043088B4201D34B00C01A5241411A00D29A
:10C5D00001465241104670475DE0CA0F00D0494203
:10C5E000031000D34042534000229C4603098B4273
:10C5F0002DD3030A8B4212D3FC22890112BA030AFB
:10C600008B420CD3890192118B4208D3890192117C
:10C610008B4204D389013AD0921100E08909C30901
:10C620008B4201D3CB01C01A524183098B4201D303
:10C630008B01C01A524143098B4201D34B01C01AEE
:10C64000524103098B4201D30B01C01A5241C30866
:10C650008B4201D3CB00C01A524183088B4201D3D5
:10C660008B00C01A5241D9D243088B4201D34B00F0
:10C67000C01A5241411A00D20146634652415B1032
:10C68000104601D34042002B00D549427047634613
:10C690005B1000D3404201B5002000F005F802BD58
:10C6A0000029F8D016E770477047C0468446101C32
:10C6B00062468C46191C634600E0C0461FB501F077
:10C6C0003FFE002801D40021C8421FBD10B501F073
:10C6D00097FD4042013010BD10B501F031FE002839
:10C6E00001DB002010BD012010BDC04610B501F0D7
:10C6F00027FE002801DD002010BD012010BDC0462E
:10C7000010B501F0B9FD002801DC002010BD0120AA
:10C7100010BDC04610B501F0AFFD002801DA0020C1
:10C7200010BD012010BDC0468446081C6146FFE7CD
:10C730001FB500F08BFB002801D40021C8421FBDAB
:10C7400010B500F00DFB4042013010BD10B500F0F7
:10C750007DFB002801DB002010BD012010BDC0467C
:10C7600010B500F073FB002801DD002010BD012092
:10C7700010BDC04610B500F01BFB002801DC0020F6
:10C7800010BD012010BDC04610B500F011FB0028FF
:10C7900001DA002010BD012010BDC0469E2110B559
:10C7A000C905041CFFF7F0FF002803D1201C00F08E
:10C7B000A9FE10BD9E21201CC90500F0C9FC00F097
:10C7C000A1FE80231B069C466044F2E770B5002260
:10C7D0000C4B04000D00FFF79DFF002804D1200042
:10C7E000290002F0EBFB70BD064B0022200029005F
:10C7F00002F080F802F0E2FB80231B069C466044B6
:10C80000F1E7C0460000E041F8B54746CE46430296
:10C810005B0A4400C20F9C464800DD004B02240E18
:10C820005B0A000E80B5984626009146C90FDB00D2
:10C83000271A8A4229D0002F15DD00284AD1002B63
:10C8400000D095E0ED08FF2C00D188E06B025B0A78
:10C85000E6B25B02F605580A3043D20710430CBC1F
:10C8600090469946F8BD002F00D087E0601CC0B20A
:10C87000012800DCB6E0EE1A720100D5C5E0002EFA
:10C880003DD1002200260023E3E7002F00DC96E0E4
:10C8900000285DD0FF2C60D08022D20413431B2FD0
:10C8A00000DDECE02022D21B18009340F8405A1E15
:10C8B00093410343ED186B017BD50134FF2C00D16C
:10C8C000B7E0012207262A406B089A4D1D40154308
:10C8D0002E4029E0FF2CB5D08022D20413431B2F19
:10C8E00000DDB2E02022D21B19009340F9405A1E0D
:10C8F00093410B43ED1A6B015BD5AD01AE093000DE
:10C9000002F0D4FC05388640844265DC041B330009
:10C9100020200134E340041BA640751EAE41334382
:10C9200007261D0000241E4001224B461A40002EFF
:10C9300004D00F232B40042B00D004356B0100D40E
:10C9400080E70134E6B2FF2C2FD1FF26002380E7D9
:10C95000002B52D1FF2C00D074E70A00ED08002D07
:10C96000F3D08023DB032B435B025B0AFF2670E7D7
:10C97000013F002FBED0FF2CB1D163E7002C47D080
:10C98000FF2869D08024E4047A4225431B2A00DD75
:10C99000C5E02C002026D440B21A95406A1E95416D
:10C9A00025435D1B04008946A5E7AB015B0A50E700
:10C9B000002401224B461A406B07BAD142E7002FF0
:10C9C0003BD10134E0B201284ADDFF2CBDD007265F
:10C9D000ED186D082E40A7E70723574D241A354060
:10C9E0001E40A1E7002C1BD1002D6ED1002B00D1E1
:10C9F0009AE00A001D003C0024E7013F002F00D10F
:10CA000058E7FF2C00D04AE7A7E75E1B894676E788
:10CA1000002D1CD10A00FF281FD004001D0011E7C3
:10CA2000002D5DD1002B17D180230022DB03FF26D0
:10CA30000FE70A00FF2600230BE7002C21D1002D71
:10CA400066D1FF28E9D11D0087E7012352E77A1C50
:10CA5000A7D0FA43FF2899D10A001D00FF24F1E670
:10CA6000002E21D1002D4FD0002B4CD0ED186B01A2
:10CA70009ED5314B07362E4001241D4054E701233B
:10CA800018E7FF28DFD08024E4047F4225431B2FD2
:10CA90004DDC2026F61B2C00B540FC406A1E95415B
:10CAA0002543ED18040006E7002DCCD0002B00D163
:10CAB00053E780216046C903084203D0404608423C
:10CAC00000D11D000121114047E7002B00D1B9E63C
:10CAD000EA1A500125D507265D1B2E40894623E71B
:10CAE000FF24002B00D1ADE680226046D203104225
:10CAF00004D04046104201D11D00894601224B4618
:10CB0000FF241A409EE62B00DD080A0000249DE663
:10CB10007A1CC6D0FF43FF28B9D11D001DE70125AF
:10CB20003FE7151E00D044E70022002391E60125CF
:10CB3000B7E7C046FFFFFF7DFFFFFFFBF8B5574695
:10CB40004E464546DE464402E0B546008846640A45
:10CB5000360EC70F002E63D0FF2E24D08023E400B2
:10CB6000DB041C43002399469B467F3E43464246D6
:10CB70005D02D20F5B006D0A1B0E9046924665D097
:10CB8000FF2B55D080220021ED00D2047F3B1543BE
:10CB9000F61A43464A467B400F2A00D98DE06D487D
:10CBA000920082589746002C54D108239946063BA0
:10CBB000FF269B46DAE70025534602291BD00329AE
:10CBC00000D1BFE0012928D030007F30002820DDCF
:10CBD0006A0704D00F222A40042A00D004352A0113
:10CBE00003D530005C4A80301540FE2803DCAC01E0
:10CBF000640AC2B201E0FF2200246402D205600A86
:10CC0000DB07104318433CBC90469946A246AB460E
:10CC1000F8BD0122101A1B287CDD00220024ECE75D
:10CC2000002C1DD104239946033B00269B469DE71B
:10CC3000FF3E002D20D1022143464A467B400A4355
:10CC40000F2AD8D84548920082589746002D19D10E
:10CC50000121F1E70C239946093BFF269B4685E716
:10CC6000200002F023FB7626431F9C4000237642DF
:10CC7000361A99469B4679E74A4603231A4391465A
:10CC8000032186E7280002F011FB431F36189D4060
:10CC9000763600217DE780240023E403FF22ACE701
:10CCA00000258023DB031C4228D01D4226D12B43C4
:10CCB0005C02640A4346FF229FE762016C01A242C4
:10CCC00024D21B210025013E012710006D005200D7
:10CCD000002801DB944201D8121B3D430139002991
:10CCE000F3D11400621E944125436DE7BA465946BC
:10CCF00025005346022900D061E77CE78023DB034F
:10CD00001C436402640A3B00FF2276E7121B1A21CF
:10CD10000125D9E79E362A00B5402C00C240651E89
:10CD2000AC411443620704D00F222240042A00D0F1
:10CD30000434620103D4A401640A00225DE70122E5
:10CD400000245AE78024E4032C436402640AFF228F
:10CD500053E7C04620220100FFFFFFF760220100D9
:10CD600070B542004E024C0045026D0A120EC30F10
:10CD7000760A240EC90FFF2A0FD0FF2C11D00120F4
:10CD8000A24200D070BDB542FCD18B420DD0002A2A
:10CD9000F8D12800451EA841F4E70120002DF1D16B
:10CDA000EBE70120002EEDD1E9E70020EAE7C046DD
:10CDB00070B54A004E02450244006D0A240EC30FAE
:10CDC000760A120EC90FFF2C15D0FF2A0ED0002CA8
:10CDD00015D1002A01D1002E1CD0002D14D08B4279
:10CDE00027D00220013B1840013870BD002EEED044
:10CDF00002204042F9E7002DFAD1FF2A0ED0002A86
:10CE00000ED1002EEDD00BE001230139994308002B
:10CE10000130EAE70020002DE7D0E2E7002EE7D15D
:10CE20008B42DED1944205DD0221581E08400138B4
:10CE3000DBE70024A24204DCB542D2D80020B54290
:10CE4000D3D2581E012398430130CEE730B54200BB
:10CE500044024D02C30F4800640A120E6D0A000E10
:10CE6000C90FFF2A12D0FF280CD0002A12D10028A7
:10CE700019D1002D17D1002C2BD00220013B1840D6
:10CE8000013826E0002DF0D0022022E0002CFBD15A
:10CE9000FF281FD000281FD1002D1DD10220013BEB
:10CEA0001840013815E0002C0ED08B42E5D100224D
:10CEB000904204DCAC42E0D80020AC4209D2581EBB
:10CEC00001239843013004E001230139994308000C
:10CED000013030BD002DD7D18B42CED18242E7DD6B
:10CEE0000221581E08400138F3E7C046F0B54E460F
:10CEF00057464546DE46E0B543025B0A450083B02F
:10CF00000F1C99462D0EC60F002D57D0FF2D24D093
:10CF10008020DB00C0041843002381469A469B46CC
:10CF20007F3D7C027A00FB0F640A120E984623D0E4
:10CF3000FF2A4BD0E30080240020E4047F3A1C4306
:10CF4000AD186B1C47460193534677403A000F2BB0
:10CF500048D87D499B00CB589F46002B00D085E0E8
:10CF600008339A46063B9B467C027A00FB0FFF255E
:10CF7000640A120E9846DBD1002C00D090E0524695
:10CF800001231A4392460120DBE74C46584617001E
:10CF9000022824D0032800D1CFE00022002301285A
:10CFA0004DD15802D205400AFF071043384303B061
:10CFB0003CBC90469946A246AB46F0BD002B5BD1E7
:10CFC00004239A46033B00259B46AAE7FF35002C25
:10CFD00060D1524602231A4392460220B1E7FF2253
:10CFE0000023DEE74B461B0C9C464B462604360CC2
:10CFF000180461463300220C6446000C43434E4340
:10D000005043544380191A0C1218964203D98021B8
:10D0100049028C4664441B041B0C1004C018830195
:10D020005E1EB341800E1843130C1B199B01034372
:10D030001C00230179D5012362081C401443019A86
:10D040007F32002A4DDD630704D00F232340042BD9
:10D0500000D00434230103D53C4B019A1C4080329C
:10D06000FE2ABCDCA3015B0AD2B29AE70C239A46E3
:10D07000093BFF259B4654E7180002F017F94A4682
:10D08000431F76259A4000236D4291462D1A9A46F9
:10D090009B4646E7524603231A439246032050E735
:10D0A000200002F003F9431F2D1A9C40763D00201A
:10D0B00047E780230027DB03FF2272E7424666E74B
:10D0C0004C463200584662E780234A46DB031A4248
:10D0D00022D01C4220D123435B025B0A4746FF2239
:10D0E0005FE701239A1A1B2A21DC23000199D34010
:10D0F0009E318C401A0023005C1EA34113435A0743
:10D1000004D00F221A40042A00D004335A0111D44B
:10D110009B015B0A002244E780234A46DB0313435A
:10D120005B025B0A3700FF223BE7019587E700229D
:10D13000002336E70122002333E78023DB03234368
:10D140005B025B0AFF222CE7A0220100FFFFFFF732
:10D15000F8B54746CE464400C20F80B547024802A4
:10D16000400A8446664648007F0A240EF6002500E1
:10D170009046FB00000EC90FB146FF2800D185E0A4
:10D1800001267140261A914257D0002E43DD002817
:10D1900000D07FE04946002900D1AAE0013E002EE0
:10D1A00000D0F7E05B1A5A0100D48BE09B019C0988
:10D1B000200002F07BF805388440854200DDD3E092
:10D1C000451B230020200135EB40451BAC40621E6F
:10D1D00094412343072400251C40012241460A4074
:10D1E000002C04D00F211940042900D00433590128
:10D1F00000D480E00135ECB2FF2D00D0A3E0FF2485
:10D2000000235B02E405580AD207204310430CBCFC
:10D2100090469946F8BD002E74D1601CC0B201281A
:10D2200000DCA7E04A469C1A620100D5B6E0002C5B
:10D23000BED1002200240023E3E7002E00DC85E0BD
:10D24000002846D0FF2C49D080224846D204104303
:10D25000814601221B2E09DC20204C46801B844085
:10D260004A462000F240441EA04102439B185A0146
:10D2700028D50135FF2D00D1A8E0012207249449CB
:10D280001A405B080B4013431C40A6E7002E00D059
:10D2900078E775E7FF2C54D080224946D204114329
:10D2A000894601221B2E09DC20214846891B884023
:10D2B0004A460100F240481E81410A439B1A5A0126
:10D2C00000D573E7012241460A40590700D089E79B
:10D2D00011E04846002858D1FF2C0CD1DB08002B68
:10D2E00000D18CE78020C00303435B025B0AFF246C
:10D2F00087E7FF2C25D0DB08FF2DF0D05B025B0A0F
:10D30000ECB27EE7002C4DD0FF2818D08024E40436
:10D31000724223431B2A00DDC4E01C002025D440B8
:10D32000AA1A93405A1E934123434A460500D31A32
:10D33000884638E7721CF8D0F243FF28EAD10A0089
:10D340004B46FF25D7E79B015B0A5AE7002E41D1E8
:10D35000651CE9B2012945DDFF2D00D14FE7072407
:10D360004B445B081C4038E707225A4B2D1A2340D8
:10D37000144032E7002C1DD1002B7AD14B46002BF4
:10D3800000D191E00A000025B5E7013E002E19D139
:10D390004B446CE7FF2C84D1FF25ACE74A46884616
:10D3A000D41A05E7002BC5D10A00FF28C8D0050014
:10D3B0004B46A0E7002B49D14B46002B77D00A0003
:10D3C000FF2598E7FF2C00D043E787E70A00FF24FA
:10D3D000002316E7002C15D1002B57D1FF28E6D1EA
:10D3E0004B467BE7002C20D1002B57D04946002923
:10D3F00053D04B445A0168D50724364A1C400125B6
:10D400001340EAE6FF28EBD08022D2047642134391
:10D410001B2E53DC2025AD1B1A00AB40F2405C1ED6
:10D42000A34113434B44050021E7002BD8D04946C4
:10D43000002900D152E78021C9030F4200D14DE7F6
:10D440006046084200D049E74B4647E74846FF257B
:10D45000002800D14FE78022D203174204D0604653
:10D46000104201D14B46884601224146FF250A4021
:10D4700041E7484600281FD01A1A500120D54A46D5
:10D480000724D31A1C4088460025A6E6741CC9D080
:10D49000F643FF28BCD14B4620E799464B46002572
:10D4A000DB082BE7012340E700220023A9E68023C5
:10D4B0000022DB03FF24A4E600251CE70123B1E7DB
:10D4C000002AF1D013000025FCE60025FAE6C0464C
:10D4D000FFFFFF7DFFFFFFFB42024B0240004900C0
:10D4E000520A5B0A090E000EFF2806D00020FF2911
:10D4F00002D11800431E98417047FE38002AFBD124
:10D50000F4E7C04641024200C30F490A120E002050
:10D510007E2A0DD99D2A0CD8802000040143952A2B
:10D520000ADC9620821AD1404842002B00D1080024
:10D530007047034A9818FBE7963A9140F4E7C046D3
:10D54000FFFFFF7F70B5041E34D001F0AFFE9E22B6
:10D55000121A962A07DCD2B208282EDD0838844039
:10D560006002400A21E0992A09DD030021001B33F3
:10D5700099404B1E994105231B1ADC400C4305289A
:10D5800001DD431F9C4023000D490B40650709D076
:10D590000F252C40042C05D004335C0102D59F22BA
:10D5A0000B40121A9B01580AD2B24002D205400A1F
:10D5B000104370BD00220020F7E76002400AF4E744
:10D5C000FFFFFFFBF0B54F464646D6460C00090369
:10D5D000C0B5490A470F5E0039431F03DB0F9C4665
:10D5E00065007B0A570F1F436D0DE40F760DA146B2
:10D5F000C000B846D200AB1B64457BD0002B5FDD7A
:10D60000002E00D0A4E03E00164300D112E15E1EC1
:10D61000002E00D09EE1871A4346B8428041012582
:10D62000C91A4042091A0B0200D431E149024E0ADC
:10D63000002E00D16EE1300001F038FE0300083BFF
:10D640001F2B00DD61E120223900D21A9E40D1401B
:10D650009F400E439D4200DD51E15D1B6B1C1F2B63
:10D6600000DD7CE12021C91A3D0030008F40884058
:10D67000DD40791E8F41310007222843D940002523
:10D6800007433A40002A09D00F233B40042B05D022
:10D690003B1DBB42BF417F42C9191F000B0200D492
:10D6A00026E26A1CC64B55056D0D9A4200D106E173
:10D6B000C44AFF080A40530752023B43120B8EE054
:10D6C000002B00D0B8E06B1C5B055B0D012B00DC70
:10D6D00030E1871A4346B842B641CB1A76429E1BC8
:10D6E000330200D54CE13B003343A1D1002200249A
:10D6F000002570E0002B00DCE5E0002E00D183E087
:10D70000AF4EB54260D0802636043743B846382B3A
:10D7100000DC3EE1434613431F007A1E97413F1849
:10D7200087428041404209180B0200D4B0E0A44B6C
:10D7300001359D4200D1C3E0A24A7B080A40012185
:10D740000F401F435108D30707221F433A4099E770
:10D750009B4EB54238D0802636043743B846382B26
:10D7600000DDDCE01F2B00DC30E11E004746203EE0
:10D77000F740BC46202B04D04026F31A46469E4074
:10D780003243170063467A1E97411F43CCE0002BBB
:10D7900000D104E24346134300D159E14B07C008CE
:10D7A00018438023C9081B03194208D04546ED08D9
:10D7B0001D4204D14346D008590708432900420FAF
:10D7C000C9007F4D1143C0004B07CA087C49C008FF
:10D7D00003438D4268D012036D05120B6D0D0021BD
:10D7E00012031800130B0A0D12051A43764B2D0570
:10D7F00013402B435B00E4075B08234319001CBC68
:10D8000090469946A246F0BD3E00164312D05E1ED9
:10D81000002E00D000E187188742804141444042F9
:10D82000091801250B0233D5022585E7644633002C
:10D83000414610001D00C7E7002D00D0DAE00C00C3
:10D840000443F3D05C1C00D19FE15D4CA64200D1A3
:10D850002FE1DB43382B00DD66E11F2B00DD83E188
:10D8600020240500E41A0F00DD40D940A0404346C3
:10D87000A7405B1A441EA04198462F433843171A0D
:10D88000BA42924143465242991A64463500CAE66A
:10D8900007223A40002A00D0F6E64B07CA0848495A
:10D8A000FF083B438D4296D11900114300D19EE100
:10D8B000802109030A431203120B414D8FE7150023
:10D8C000002200238BE7002B00D0C7E06B1C5F0514
:10D8D0007F0D012F00DCF1E0394DAB4200D1B9E002
:10D8E00085180A008542894142444942511807225D
:10D8F000CF076D082F4349083A401D00C2E60722B2
:10D900003049ED1A31403A40BCE63E0028388640A6
:10D9100000279FE6380001F0C9FC20308EE6434620
:10D9200013431F007A1E9741C71BB84280414042F3
:10D93000091A78E60E003B0006431343002D61D11F
:10D94000002E00D0F4E0002B00D11BE1644639002A
:10D95000100039E71A4FBB427AD03300FFE630009F
:10D960001F3DE840202B03D04021CB1A9E40374377
:10D970007B1E9F41072207433A400021002589E78B
:10D98000171A4346BA42B641591A76428E1B64466C
:10D990004EE61F2B00DDADE020264746F61AB740C5
:10D9A000B9461700B246DF404E463E433700564662
:10D9B000B240561EB24117434246DA408918AEE6DD
:10D9C000FF070000FFFF7FFFFFFF0F802026474675
:10D9D000F61AB740B9461700B246DF404E463E43FE
:10D9E00037005646B240561EB24117434246DA400F
:10D9F000891A99E77F4CA6425BD0802424045B42BD
:10DA0000214327E7002E0CD1002B00D1CBE0644648
:10DA100039001000774DD7E6764FBB4218D033005F
:10DA200075E6002B14D04B07C00818438023C908A3
:10DA30001B03194207D0FC081C4204D17907D00807
:10DA40000843E14621004C46420FC9001143C00083
:10DA5000684DB9E61D0000220023C0E6002D5BD111
:10DA60000D00054300D1E2E65D1C00D1B0E0614D40
:10DA7000AE421FD0DB43382B71DC1F2B00DD96E05C
:10DA800020250F00ED1AAF40B9460700AA46DF4037
:10DA90004D463D432F005546A840D940451EA8415C
:10DAA00088440743BF189742924151424144350090
:10DAB0003AE6644635004146100085E60B00034314
:10DAC000002D00D063E6002BF5D04346134300D170
:10DAD0007AE687188742804107224144404209186C
:10DAE0003A400B0200D4D5E6434B01351940C9E555
:10DAF000380069E61E004746203EF740BC46202B12
:10DB000004D04026F31A46469E403243170063462F
:10DB10007A1E97411F4302E6364DAE42CAD0802599
:10DB20002D045B422943A6E70843411E8841A6E62F
:10DB3000002B00D148E6871A4346B842B641CB1ABB
:10DB400076429E1B33024BD5171A4346BA42924186
:10DB5000591A5242891A072264463A4092E5014313
:10DB60000F00791E8F419DE71C000F00203CE7400D
:10DB7000202B03D04024E31A99400843411E8841DA
:10DB800038437CE60022002425E6171A4346BA42B1
:10DB90009241591A5242891A6446350043E541467A
:10DBA0001000144D10E680220024120380E61D00B0
:10DBB0000F00203DEF40BC46202B03D04025EB1A40
:10DBC0009940084307006346781E87411F4369E771
:10DBD000871897429B4141445B42C9183500A3E531
:10DBE0003B003343CED0072231003A4052E60023B7
:10DBF0001A00F4E5FF070000FFFF7FFFF0B557466E
:10DC0000DE464E464546E0B5834607000E03480013
:10DC100085B092461C00360B400DCD0F002800D178
:10DC20009DE0954B984239D08023F6001B041E439B
:10DC3000924A7B0F33439946944603006344009312
:10DC400000230026FF00029323031B0B984663006A
:10DC5000E40F52465B0D019400D1B3E086498B423C
:10DC600000D19EE04246D100802212040A43514670
:10DC7000490F11438B46814952468C4600996344B3
:10DC8000CB1A0021D20000932B0063409A460F2E3E
:10DC900000D905E17A4BB6009B599F465B4633435A
:10DCA000994600D0B8E0022308260027009002938E
:10DCB000CAE7CB463A0002990195019B9A46022990
:10DCC00027D0032900D180E2012944D06D49009B6F
:10DCD0008C4663441C00002C38DD530700D013E24F
:10DCE000D2085B46DB0109D55946674B19408B4684
:10DCF0008021C9008C46009B63441C00634B9C42FE
:10DD000007DC5B4664055F075B0217431B0B620D74
:10DD100002E000230027584A00211B031C0B0B0DB7
:10DD20001B05234314055A4A380013401C4353462D
:10DD30006400DB0764081C43210005B03CBC90462E
:10DD40009946A246AB46F0BD0122524201231B1B5D
:10DD5000382B00DCADE1002200230027DCE75B4626
:10DD6000334399465ED0002E00D18AE1300001F0A5
:10DD70009DFA03000B3B1C2B00DD7BE11D22D31A17
:10DD80005A460100DA4008398E4013005F4633439B
:10DD900099468F403F4B00261B1A009300230293A5
:10DDA00052E7414653460B433B499B468C46009BFA
:10DDB000634400935B46002B3BD1022300221E43A9
:10DDC000022161E7434613439B4637D04346002B6D
:10DDD00000D162E1404601F069FA03000B3B1C2BC5
:10DDE00000DD53E102004146083A914088461D217A
:10DDF000CB1A5146D9400B0041460B439B46534634
:10DE000093401A00009B25499C46604403008C46C1
:10DE100063440093002137E70323B14600900C26AA
:10DE2000029311E700230093013304260027029395
:10DE30000AE70323C3461E43032125E701331E439C
:10DE40000022012120E700239A46802300271B039C
:10DE5000094A61E7802349461B03194200D1E2E0E9
:10DE60005946194200D0DEE00B431B0317001B0B81
:10DE7000A246014A50E7C046FF07000001FCFFFF31
:10DE8000E0220100FF030000FFFFFFFEFE0700008D
:10DE9000FFFF0F800DFCFFFF01F8FFFFF303000001
:10DEA000D94500D9CBE000D1C6E03C004846002768
:10DEB000009B013B00935B46160E1B021E431302A0
:10DEC000984633041B0C9946310C0191FEF7FEFA7B
:10DED0004A4642430B04210C050019438A4207D9E4
:10DEE0008919013D8E4203D88A4201D9851E8919BC
:10DEF000881A0199FEF7EAFA09048C464A46210479
:10DF000064464243090C030021438A4204D989191B
:10DF1000013B8E4200D8F1E02D041D43AB46434641
:10DF2000891A4246280C12041D0C5B46140C220070
:10DF30001B041B0C5A4303946B43444302956843F0
:10DF40001B19150CEB189C4203D980246402A446CB
:10DF500060441C0C15041B042D0C20185D19814213
:10DF600077D373D00C1AA24A7D1BAF42BF419446AF
:10DF7000009B7F426344E01B1C00864200D1DBE033
:10DF80000199FEF7A3FA4A4642430B04290C070005
:10DF900019438A4207D98919013F8E4203D88A4220
:10DFA00001D9871E8919881A0199FEF78FFA090489
:10DFB0004A46894629044D464243090C0300294339
:10DFC0008A4207D98919013B8E4203D88A4201D976
:10DFD000831E89193F04891A3A00039F1A433800A7
:10DFE00013041B0C584381460298150C6F4343439E
:10DFF00045434846000C8446DB1963449F4203D9DD
:10E00000802040028446654448461F0C00041B04DF
:10E01000000C7D191818A94200D284E000D17FE0DD
:10E0200001231A4357E680234A461B0313431B036D
:10E030001B0BAA466F4A6FE6BA4200D935E74B463A
:10E04000DC0758087B081C43FF0734E70024AF4275
:10E0500089D247444745A4415B466442A4196418E9
:10E06000013BA6421ED2A0426DD800D1B6E0241AD0
:10E070009B4678E703005A46283B9A400027914682
:10E0800088E6584601F012F9203072E60300524645
:10E09000283B9A4093460022B4E6504601F006F928
:10E0A00020309AE6A642E2D1B845DCD9341A9B4624
:10E0B00059E71F2B65DC504C0099A4465C4661442F
:10E0C00008008C4011008240D940501E82410C4310
:10E0D00014435A46DA401300620709D00F22224047
:10E0E000042A05D02200141D9442894149425B183C
:10E0F0001A0262D50122002300270DE68A4200D8C9
:10E100000AE7831E891907E70F231340042B00D168
:10E11000E6E5171D9742924153429B44FA08E0E519
:10E12000002800D1D7E57118531EB14227D3A94268
:10E1300015D358D01A0073E7002B00DC04E6012346
:10E1400000229B44CDE502234744474589415B4279
:10E150009C46494289190C19E344241A03E74346B3
:10E160005F0047459B41B8465B429E19023A8919B8
:10E17000A94200D054E7404500D051E7ABE51A0072
:10E18000F6E71F215F4649420C1BE740202B07D0D2
:10E190001A49009B8C46634418005B4683401A432F
:10E1A000501E82413A4307270023174009D00F2110
:10E1B000002311401400042995D122005F075B025F
:10E1C0001B0BD20817430022A6E5802359461B03E8
:10E1D0000B431B0317001B0B064A9DE5BD42B2D83B
:10E1E0009B460024BFE68045B9D31A00C3E7C0466A
:10E1F000FF030000FF0700001E0400003E040000B3
:10E20000F0B54F464646D6468446C0B58046194EC0
:10E2100018030F034D00000B5C0082463F0B6D0D91
:10E22000C90F9146640DDB0F0120B5420AD0B442FC
:10E2300003D0A54201D157450CD01CBC904699464D
:10E24000A246F0BD66463E43F7D1AC42F5D15446F6
:10E250001443F2D10120C845EFD1994207D0002DD7
:10E26000EBD163461F433800471EB841E5E7002065
:10E27000E3E7C046FF070000F0B54F464646D646E6
:10E280004D00C0B50E03C90F8A462C491F035C0020
:10E290008046360B6D0D91463F0B640DDB0F8D42B2
:10E2A0001ED08C4216D0002D1ED130438446002C47
:10E2B00001D13A4323D06246002A1AD09A4529D088
:10E2C000514602200139084001381CBC904699464D
:10E2D000A246F0BD39001143E5D002204042F4E7E8
:10E2E0003043FAD1AC420FD0002C0FD13A43E7D0E3
:10E2F0000CE00122013B934318000130E5E763463F
:10E300000020002BE1D0DBE73A43E6D19A45D7D194
:10E31000A542D5DCA54205DBBE42D1D808D00020FD
:10E32000BE42D2D250460123013898430130CCE797
:10E33000C845C5D80020C845F4D3C6E7FF0700008C
:10E34000F0B54F464646D6464D00C0B50E03C90F40
:10E350008A462E491F035C008046360B6D0D9146A0
:10E360003F0B640DDB0F8D4218D08C4211D0002D75
:10E3700018D130438446002C1ED13A431CD1634649
:10E380000020002B30D051460220013908400138CE
:10E390002AE039001143EAD0022025E03043FBD1C6
:10E3A000AC4226D0002C26D13A4324D1514602203B
:10E3B00001390840013817E06246002A0FD09A451B
:10E3C000E1D1A54205DBBE42DDD819D00020BE4216
:10E3D0000AD25046012301389843013004E001225B
:10E3E000013B9343180001301CBC90469946A2465D
:10E3F000F0BD3A43D0D19A45C5D1A542C3DCE0E790
:10E40000C845C0D80020C845E3D3EDE7FF070000AA
:10E41000F0B55746DE464E464546E0B58346060013
:10E420000F03480087B092461D003F0B400DCC0FF4
:10E43000002800D16FE0DE4B984238D08023FF00E7
:10E440001B041F43730F3B430193DA4B002799468C
:10E4500000239B46F60081442B0369001B0B5246A8
:10E460009846490DED0F002900D185E0D04B994227
:10E4700000D173E04346DA0080231B041343524665
:10E48000CC48520F84461343524600206144D200C8
:10E4900089442100694000918C46012149448A4603
:10E4A0000F2F00D990E0C449BF00CF59BF465B464B
:10E4B0003B43019300D06AE10223082700268146EE
:10E4C0009B46C9E732005846019B614600910228ED
:10E4D00000D175E0032800D1FEE1012800D02CE135
:10E4E00000230027002600253F032A0D3F0BB348D9
:10E4F00012053A4302401B051343009A5B00D10703
:10E500005B080B433000190007B03CBC90469946AD
:10E51000A246AB46F0BD5B463B43019300D12FE1E1
:10E52000002F00D1A5E1380000F0C0FE03000B3B36
:10E530001C2B00DD96E11D22D31A5A460100DA4059
:10E540005E4608398F4013008E403B4301939C4B3D
:10E5500000271B1A994600239B467DE741465346F8
:10E560000B4393498C46E144002B00D01AE1022270
:10E570000220174300228CE7134300D10DE14346EC
:10E58000002B00D181E1404600F090FE02000B3AE2
:10E590001C2A00DD72E10100434608398B40984691
:10E5A0001D239A1A5346D3401A004346134352463A
:10E5B0008A404946081A824989468144002068E712
:10E5C0007B4B002700268EE7140C1204120C11005E
:10E5D000370C3604350C794328008C462E006043F6
:10E5E0006044834656432100300C804658467943A8
:10E5F00040440291844506D98846802149028C46D0
:10E60000E044414602913604010C360C00048B466E
:10E6100081191E0C1B041B0C0391190079438C46B5
:10E62000280075436544A8465843050C4544774384
:10E63000A94203D9802149028C466744290C8C46A3
:10E6400039000004000C2D042D186144AB440591E1
:10E650005946049101990F043F0C080C39005143AD
:10E660004243904602008C46090C8B4662437C4331
:10E6700044445C44A04503D9802149028846424471
:10E68000210C884661460904090C8C46390059431F
:10E69000434370437E430F0CF6182404BE196444B0
:10E6A00042448C46B34203D980235B0298464044DF
:10E6B000029B61469846049B370443449B46AB4506
:10E6C000AD416B420D0405992D0C8C467F196744B2
:10E6D000FD18A8465D462D19A542A4419346644203
:10E6E000A446C344DC448F42BF4198459B419345B7
:10E6F0009241A445A4415B427F421F43360C5242E3
:10E700006442BF192243BF18624638184302D20D33
:10E71000039913436A020A43501E82416146ED0D7C
:10E720002A434E023243D90100D4B3E001265008F7
:10E7300032400243DE0732435B08224C5444002C33
:10E7400062DD510709D00F201040042805D0101DAC
:10E750009042924152429B180200D90104D5802474
:10E760001948E400034054441848844200DD27E778
:10E770005E075B02D2081F0B630516435B0DB2E612
:10E78000002399460133042700269B4664E60323B1
:10E79000019781460C279B465EE601220120174324
:10E7A000002276E6032303201F43434671E6C0465A
:10E7B000FF07000001FCFFFF20230100FFFF0F8087
:10E7C0000DFCFFFFFF030000FFFFFFFEFE07000040
:10E7D0000023802700933F030026434B83E6019BE1
:10E7E0003200A446584670E6AC466EE68027019992
:10E7F0003F0339422DD03B422BD11F433F033F0BF8
:10E8000000951600384B6EE601252D1B382D00DDD6
:10E8100066E61F2D40DC35481C005044160082403F
:10E820008440EE40501E824134431443EB40620763
:10E8300009D00F222240042A05D02200141D944240
:10E84000804140421B181A023ED5012300270026B2
:10E8500049E68027019B3F031F433F033F0B009482
:10E86000214B40E603005A46283B9A40002601927D
:10E870006DE6584600F01AFD203057E60300524678
:10E88000283B9A401300002293E6504600F00EFD0C
:10E8900020307BE6CA4650E71F201E004042041B82
:10E8A000E640202D03D0124C5444A3401A43501E7E
:10E8B0008241324307260027164009D00F2000234B
:10E8C000104014000428B9D122005E075B021F0B20
:10E8D000D2081643002306E680273F031F433F0369
:10E8E0003F0B1600004BFEE5FF0700001E04000072
:10E8F0003E040000F8B557464E464546DE460C003D
:10E900000903E0B5490A460F5F0031431E03DB0FE0
:10E91000760A9B46530F3343C84E6500C000E40F90
:10E92000D2006D0DA24681467F0D9C469046B742AF
:10E9300000D1B9E05B46012673409B46EE1BA34520
:10E9400000D183E0002E63DD002F00D0B1E06346EC
:10E95000134300D123E1731E002B00D0BAE1861AC5
:10E960006346B04280410125C91A4042091A0B0290
:10E9700000D447E149024B0A98464346002B00D198
:10E9800089E1404600F092FC0300083B1F2B00DDAC
:10E990007CE120223000D21A4146D040994002004A
:10E9A0009E400A439D4200DD6AE15D1B6B1C1F2BEC
:10E9B00000DD94E1202110003500C91A8E40DA40B4
:10E9C0008840DD40711E8E4111000722284300253A
:10E9D00006433240002A09D00F233340042B05D0D0
:10E9E000331DB342B641764289191E000B0200D492
:10E9F0003DE26A1C914B55056D0D9A4200D119E11B
:10EA00008F4AF6080A40570752023743120B9BE021
:10EA1000002E00D0C5E06E1C7605760D012E00DCC0
:10EA200048E16746861ACB1BB042BF417F42B846D9
:10EA30001F004346FF1A3B00B8461B0200D55FE1AA
:10EA400037439AD100220024002579E0002E00DC13
:10EA5000FAE0002F00D18DE0784B9D4267D08023F3
:10EA600067461B041F43BC46382E00DC52E1634658
:10EA700013435A1E93411E18864280414042091892
:10EA80000B0200D4BEE06D4B01359D4200D1D2E0B7
:10EA90006B4A73080A4001210E401E435108D307F8
:10EAA00007221E43324095E71E00164300D045E77B
:10EAB00040E7624B9D423AD0802367461B041F43C8
:10EAC000BC46382E00DDEBE01F2E00DC3AE13300BF
:10EAD0006746203BDF403B00202E05D04027BF1B70
:10EAE0006646BE40324390464646721E96413343C8
:10EAF000DAE0002B00D114E26346134300D168E151
:10EB000080234E07C008C9081B030643194208D0DA
:10EB10006046C008184204D163460100D2085E076F
:10EB20001643F3009946C900720F444D11434B46FA
:10EB3000DE08424B4F073743CA089D4200D16EE0C2
:10EB400012036D05120B6D0D00211203130B0A0D3C
:10EB500012051A433B4B2D0513402B435B00E40782
:10EB60005B082343380019003CBC90469946A246F6
:10EB7000AB46F8BD6346134311D0731E002B00D083
:10EB800007E1861886428041614440420918012508
:10EB90000B0237D502257BE73E00614691463500E2
:10EBA000C5E75C46002D00D0E1E00B000343F3D045
:10EBB000731C00D1ACE1214B9F4200D13AE1F343F9
:10EBC000382B00DD6FE11F2B00DD8CE120250E00CE
:10EBD000ED1AAE40B0460600AA46DE404546354333
:10EBE0002E005546D940A8406346451EA8415B1AF1
:10EBF0009C463043161AB242924163465242991AD9
:10EC00003D00B4E607223240002A00D0E4E60B4B78
:10EC1000F6084F073743CA089D4200D090E73B00F3
:10EC2000134300D1A6E180231B031A431203120BE6
:10EC3000024D89E715000022002785E7FF07000045
:10EC4000FFFF7FFFFFFF0F80002E00D0C7E06B1C8F
:10EC50005E05760D012E00DCF0E0C84DAB4200D120
:10EC6000B9E085180A008542894162444942511839
:10EC70000722CE076D082E43490832401D00A9E641
:10EC8000BF49ED1A114007223240A3E6320028386E
:10EC90008240002686E6300000F008FB203073E654
:10ECA000634613435A1E9341C61AB0428041404204
:10ECB000091A5CE60E00674606431743002D5ED135
:10ECC000002E00D0F3E0002F00D11EE15C4661462B
:10ECD00091462CE7A94FBE427BD01E00F1E6100002
:10ECE0001F3DE840202B03D04021CB1A9A40164309
:10ECF000731E9E410722064332400021002583E710
:10ED0000161A6346B2428041591A40420B1A98467D
:10ED10005C4632E61F2E00DDABE02027BB1B9A4687
:10ED200063465746BB40994613004F46F3401F4386
:10ED30003B005746BA40571EBA4113436246F24061
:10ED4000891898E62027BB1B9A4663465746BB4066
:10ED5000994613004F46F3401F433B005746BA40C5
:10ED6000571EBA4113436246F240891A9CE7834B0F
:10ED70009F425FD080252D047342294320E7002E57
:10ED80000CD1002F00D1D0E05C46614691467B4D0E
:10ED9000CDE67A4FBE421CD01E0065E6002F18D08B
:10EDA000C0084E0706438020C9080003014208D06E
:10EDB0006346DC08044204D12100DA46D2085E072B
:10EDC0001643F300994601245346C900720F1143BC
:10EDD0001C406A4DABE61D0000220027B4E6002D62
:10EDE00059D10B00034300D1D6E6731C00D1B2E029
:10EDF000624B9F421ED0F343382B6FDC1F2B00DD8C
:10EE000097E020250E00ED1AAE40B0460600AA4657
:10EE1000DE40454635432E005546A840D940451EA4
:10EE2000A8418C440643B61896429241514261442F
:10EE30003D0025E63D006146914678E60B00034320
:10EE4000002D00D055E6002BF5D06346134300D1CA
:10EE50006DE68618864280416144404209180022CE
:10EE60000B0200D4D0E6464B01351940B2E5B1465D
:10EE70005DE633006746203BDF403B00202E05D097
:10EE80004027BF1B6646BE40324390464646721E30
:10EE900096413343EFE5394B9F42CBD080252D047B
:10EEA00073422943A8E70843411E8841A2E6002F88
:10EEB00000D13CE66346861ACF1AB0429B415B42C2
:10EEC000FB1A98461B024ED5161A6346B24292416F
:10EED000591A5242891A5C4600227BE501430E0012
:10EEE000711E8E419FE71D000E00203DEE40B04692
:10EEF000202B04D04025EB1A994008438146484610
:10EF00004346411E8841184374E60022002417E658
:10EF1000161A6346B2429241591A5242891A3D006A
:10EF200025E561469146154D01E680220024120335
:10EF300079E61D000E00203DEE40B046202B04D0A7
:10EF40004025EB1A9940084381464E464346711EC0
:10EF50008E411E4367E7861896429B4161445B429F
:10EF6000C9183D008CE547463743CED007224146BD
:10EF7000324049E600273A00E6E5C046FF070000B8
:10EF8000FFFF7FFF70B50C4E0D031C0349005B00B3
:10EF90002D0B490D240B5B0DB14208D00649002012
:10EFA0008B4203D114432000441EA04170BD054391
:10EFB0000120002DFAD1F1E7FF07000030B5144D14
:10EFC0000A034B00120B5B0DC90F0024AB4211DD8D
:10EFD000104CA34210DC8024640322430E4CE41A3C
:10EFE0001F2C0CDD0D48C31ADA4013005C420029C7
:10EFF00000D11C00200030BD094BCC18FAE7094DA8
:10F00000E040AC4663449A4013000343EEE7C04639
:10F01000FE0300001D040000330400001304000080
:10F02000FFFFFF7FEDFBFFFF70B500282DD0C3175A
:10F03000C5185D40C40F280000F038F9154B1B1AA5
:10F040005B055B0D0A2815DD0B38854000222D037A
:10F050002D0B002110002D030A0D2D0B12052A4344
:10F060000D4D1B052A4013435B00E4075B08234357
:10F07000190070BD02002900153291400A000B21D1
:10F08000081AC5402D032D0BE3E7002400230025BB
:10F090000022DEE71E040000FFFF0F8010B5041EF3
:10F0A00025D000F003F9144B1B1A5B055B0D0A28F1
:10F0B00012DD0B38844000222403240B00211000B1
:10F0C00024030A0D240B120522430C4C1B0522407D
:10F0D00013435B00590810BD020021001532914016
:10F0E0000A000B21081AC4402403240BE6E700237E
:10F0F00000240022E2E7C0461E040000FFFF0F804C
:10F100004100090E4B1C70B5DBB24602750AC40FF4
:10F11000012B14DDE0239B006D07360BCB1800217B
:10F120000A0D280012051C4D32435B052A405B087E
:10F1300013435B00E4075B082343190070BD0029FB
:10F1400014D1002D1ED0280000F0B0F80A281CDCD5
:10F150000B232A001B1ADA40030015339D400F4B86
:10F1600012031B1A5B05160B5B0DD8E7002D06D0AA
:10F17000320B802636036D071643094BCFE7084B49
:10F180000026CCE700230026C9E703002A000B3B3A
:10F190009A400025E3E7C046FFFF0F808903000087
:10F1A000FF070000F0B54C00640D0B03621C5B0A06
:10F1B000460F5205C90F1E43C500520D012A29DD15
:10F1C000374BE718FE2F1CDC002F3BDD8001431E70
:10F1D00098410722F3006D0F03432B431A40002A86
:10F1E00004D00F221A40042A00D004338022D20413
:10F1F0001A4024D00137FAB2FF2F02D09B01580ADF
:10F2000001E0FF2200204002D205400AC907104356
:10F210000843F0BD3543002C04D1002D0AD1002253
:10F220000020F0E7002DECD08020C0033043FF2207
:10F23000E9E7002400235B02580AE2B2E3E7DB08B7
:10F240003C00F8E73B001733F3DB80231B04334318
:10F250001E26F61B1F2E14DD02225242D71B1A0057
:10F26000FA401700202E04D00E4A94466444A3406E
:10F270001D432B005D1EAB4107223B431A40002774
:10F28000ADE7094A2800A218954093406C1EA5419D
:10F29000F04007222B4303431A4000279FE7C04654
:10F2A00080FCFFFFA2FCFFFF82FCFFFF1C2101236B
:10F2B0001B04984201D3000C10391B0A984201D359
:10F2C000000A08391B09984201D30009043902A237
:10F2D000105C40187047C04604030202010101019E
:10F2E000000000000000000010B5040004481300F6
:10F2F000002804D00A000220210000E000BF10BD59
:10F3000000000000014B18687047C0463C00002018
:10F3100070B500260C4D0D4C641BA410A64209D1FB
:10F32000002602F0D3F80A4D0A4C641BA410A64232
:10F3300005D170BDB300EB5898470136EEE7B30036
:10F34000EB5898470136F2E70C0200200C0200202F
:10F350000C0200204002002010B5034B0100186889
:10F3600000F08EF810BDC0463C00002010B5034BE5
:10F370000100186800F03AF810BDC0463C000020BB
:10F3800082B0002900D101A9101E06D0002B06D0A2
:10F3900013780B601078431E984102B0704702202A
:10F3A0004042FAE7002310B59A4200D110BDCC5C70
:10F3B000C4540133F8E710B5884202D98B1898423B
:10F3C00003D3002307E08B5C8354013AFBD210BDCA
:10F3D000CC5CC45401339A42FAD1F8E70300121806
:10F3E000934200D1704719700133F9E770B50500F9
:10F3F000002910D00C1F2368002B00DAE418280025
:10F4000001F0C7FB1D4A1368002B05D1636014602F
:10F41000280001F0BFFB70BDA34209D92168601824
:10F420008342F3D118685B6841182160EEE713004E
:10F430005A68002A01D0A242F9D919685818A04286
:10F440000BD120680918581819608242E0D1106861
:10F450005268411819605A60DAE7A04202D90C23B9
:10F460002B60D5E721686018824203D1106852688A
:10F470004118216062605C60CAE7C046D413002076
:10F48000032370B5CD1C9D43083506000C2D1ED2FC
:10F490000C25A9421DD8300001F07BFB254A1468D9
:10F4A0002100002919D1244C2368002B03D13000FE
:10F4B00000F0ACFC20602900300000F0A7FC431CE9
:10F4C0002BD10C233000336001F064FB03E0002DEE
:10F4D000DFDA0C233360002070BD0B685B1B19D48E
:10F4E0000B2B03D90B60CC18256003E04B688C42D2
:10F4F0000DD11360300001F04DFB200007220B30CE
:10F50000231D9043C31AE7D05A42E250E4E76360F8
:10F510000C00EFE70C004968C3E70323C41C9C43BD
:10F52000A042E1D0211A300000F070FC431CDBD176
:10F53000C7E7C046D4130020D8130020F0B58BB025
:10F5400014001D1E129953DA802424061B191D0075
:10F5500014002D230B702023149E03229E43462E5D
:10F5600007D03300453B59424B411099013ACB1823
:10F57000109309AB049308AB0393139B009202937F
:10F58000109B220001932B0000F00CFD0700472E7A
:10F5900002D1119BDB0724D5109BFB180793462E45
:10F5A00014D13B78302B0CD10022002320002900FD
:10F5B000FDF78CF8002804D10123109A9B1A139AA6
:10F5C0001360139B079A1B68D3180793002200232C
:10F5D00020002900FDF77AF8302200280DD0079B83
:10F5E00009933800099B159ADB1B13600BB0F0BD23
:10F5F0000023AFE7591C09911A70099B07998B42A8
:10F60000F8D3EEE7F0B5831C85B0019306000C003B
:10F6100002702B23002901DA2D234C427370092C30
:10F6200022DD02ABDD1D20000A21FDF739F86F1E37
:10F630003031397020000A21FCF74CFF0400092802
:10F640000BDC023D3034019B2C7002AA07321800FB
:10F65000AA4204D8801B05B0F0BD3D00E3E72A783C
:10F6600001351A700133F0E73023E418B370301D10
:10F67000F470EFE7F0B595B00C000A920B931A9D69
:10F68000099001F06FFA036818000C9300F0F0FB8A
:10F690000023129323680E900D930D99277E2B68FB
:10F6A0000722C90545D59B1893431A0008322A60E2
:10F6B0001A685B68A264E3640122E56CA66C6B00C7
:10F6C0005B080F935242AC4B30000F99FFF75AFC86
:10F6D000002830D10122A84B524230000F99FDF78B
:10F6E00005F8002827D10022002330002900FCF76C
:10F6F000F3FF002803D023002D2243331A709F4DBF
:10F70000472F00D89E4D032300260D9A2361013315
:10F710009A4322600B9B13AA009321000A9B09982D
:10F7200000F0F4F9431C00D093E00120404215B0F2
:10F73000F0BD0733B8E732002B0030002900FFF797
:10F7400021FC002804D08F4D472FDCD88E4DDAE7FE
:10F7500080230D996268DB000B43511C43D10732B3
:10F76000626012AA0021059211AA0392232223604B
:10F770000691019308A9636852180292009332001F
:10F780002B0004970998FFF7D9FE20233A000500C3
:10F790009A43472A07D1119BDA1C02DB6268934225
:10F7A00045DD023FFFB21199652F25D820000139B0
:10F7B0003A0050301191FFF725FF129A06001318F6
:10F7C0002361012A02DC2268D20701D501332361BB
:10F7D000232308AA9B181B78002B9BD023002D22E3
:10F7E00043331A7096E7672F00D176E1472FB8D1DF
:10F7F000002AB6D10122B3E7662F19D16368002928
:10F800000CDD2161002B02D12268D20702D5013321
:10F810005B182361119B0026A365D9E7002B03D158
:10F8200001222168114200D09A1C2261F2E7672769
:10F83000119B129A934205DB22682361D207E9D516
:10F840000133E6E70121002B01DC4918C91A5218DF
:10F85000EBE72268530508D423692A000A9909981E
:10F860000B9DA847431C29D15FE7652F00D8E0E036
:10F87000A06CE16C00220023FCF728FF002834D0A4
:10F880000123424A0A9909980B9DA847431C00D1BD
:10F890004BE7119B129A934202DB2368DB070DD5DD
:10F8A0000B9D0E9B0C9A0A990998A8470025431CAA
:10F8B00000D13AE7129B013BAB420ADC23689B076D
:10F8C00000D508E1139BE068984200DB2FE71800A1
:10F8D0002DE7220001231A320A9909980B9EB0479E
:10F8E000431C00D121E70135E4E7119B002B2DDCFF
:10F8F0000123264A0A9909980B9EB047431C00D160
:10F9000013E7119B002B05D1129B002B02D123681A
:10F91000DB07D3D50B9E0E9B0C9A0A990998B0472A
:10F920000026431C00D100E7119B5B42B34201DC7F
:10F93000129B92E7220001231A320A9909980B9F21
:10F94000B847431C00D1F0E60136EDE7A36D129FE6
:10F950009F4200DD1F00002F08DD3B002A000A99AE
:10F9600009980B9EB047431C00D1DEE600230D939F
:10F97000FB43DB170F9318E0FFFFEF7F6E230100BF
:10F980006A23010076230100722301007A2301001B
:10F99000220001231A320A9909980B9EB047431C92
:10F9A00000D1C2E60D9B01330D930F9BA66D0D9AFE
:10F9B0003B40F31A9342EBDC119B129AAD19934230
:10F9C00010DB2368DB070DD4129F119BBE1BFF1AAF
:10F9D000B74200DD3700002F0DDCFE43F317002592
:10F9E0000C931CE00E9B0C9A0A9909980B9FB84740
:10F9F000431CE9D199E63B002A000A9909980B9D1E
:10FA0000A847431CE9D190E6220001231A320A9943
:10FA100009980B9EB047431C00D186E60135119A28
:10FA2000129B0C999B1A3A000A409B1AAB42EBDCE2
:10FA300044E7129B012B02DC01231A4232D001233E
:10FA40002A000A9909980B9FB847431C00D16CE61D
:10FA50000E9B0C9A0A9909980B9F0135B847431CD5
:10FA600000D162E6A06CE16C129B00225F1E0023B5
:10FA7000FCF72CFE3B00002814D000250AE02200F1
:10FA800001231A320A9909980B9FB847431C00D1E9
:10FA90004BE60135129B013BAB42F0DC2200330008
:10FAA0005032DBE62A000A9909980B9DA847431CAF
:10FAB000F4D13AE62200012319320A9909980B9EE3
:10FAC000B047431C00D130E60135E368139A9B1A16
:10FAD000AB42EFDCF6E60025F7E7002A00D189E625
:10FAE0000021069112A9059111A90391232108A8CB
:10FAF00009182360019300922B00049702913200B1
:10FB00000998FFF71BFD050045E6C046F7B515004F
:10FB100001938A680B6900900C00934200DA13008D
:10FB200022002B6043321278002A01D001332B606F
:10FB300023689B0602D52B6802332B6006272368B7
:10FB40001F4027D0230043331B785A1E934122685D
:10FB5000920630D42200019943320098089EB047A3
:10FB6000431C25D0062320682A68E168034000254D
:10FB7000042B03D18D1AEB43DB171D40A3682269C8
:10FB8000934201DD9B1AED180027BD4220D10020D1
:10FB900010E00137E3682A689B1ABB42D2DD2200DD
:10FBA0000123193201990098089EB047431CF0D1F7
:10FBB00001204042FEBD3020E11843310870210091
:10FBC0005A1C45310978A218433202331170C1E73B
:10FBD000220001231A3201990098089EB047431C65
:10FBE000E6D00137D1E70000F0B589B004920A00F1
:10FBF00043320593039002920A7E0C000E9B6E2AFC
:10FC000000D186E01FD8632A33D008D8002A00D15B
:10FC10008CE0582A4DD0250042352A7030E0642A05
:10FC200001D0692AF7D1196825680A1D280629D547
:10FC300008681A60002803DA2D23029A40421370E4
:10FC40006B4E0A274FE0732A74D008D86F2A1FD052
:10FC5000702AE0D1202209680A43226003E0752A55
:10FC600016D0782AD7D12200782145321170614E02
:10FC700022E025001A684235111D196013682B70A7
:10FC8000012365E008681A606906D3D500B2D1E7A0
:10FC900019682568081D186008682E0605D5544E99
:10FCA00008276F2A1BD00A2719E06D06F7D580B206
:10FCB000F5E745314E4E0A7018682268011D00684C
:10FCC0001960150621D5D30702D520231A432260D7
:10FCD0001027002803D1202322689A4322602300A2
:10FCE000002243331A706368A360002B58DB0422A0
:10FCF000216891432160002854D1029D002B5AD0E5
:10FD00002500337842352B7055E05506DBD580B29F
:10FD1000D9E71A680D68101D4969186013682E0626
:10FD200001D5196002E06D06FBD519800023029D04
:10FD300023614FE01A68111D19601568002162687F
:10FD4000280000F01BFF002801D0401B60606368A2
:10FD500023610023029A13703CE023692A0004996E
:10FD60000398059DA847431C3ED023689B0715D4E4
:10FD7000079BE068984239DA180037E02200012337
:10FD8000193204990398059EB047431C2CD00135C5
:10FD9000E368079A9B1AAB42F0DCE9E70025F7E736
:10FDA0000028ADD0029D3900FCF790FB735C013D4B
:10FDB0002B700028F7D1082F09D12368DB0706D55F
:10FDC00063682269934202DC3023013D2B70029B61
:10FDD0005B1B2361059B07AA00932100049B0398EA
:10FDE000FFF794FE431CB8D10120404209B0F0BD9A
:10FDF0007C2301008D23010010B5034B0A00010094
:10FE0000186801F0BDF910BD3C000020002370B55A
:10FE1000064C05000800236001F04AFB431C03D197
:10FE20002368002B00D02B6070BDC046E01300207B
:10FE30000EB400B50B499CB01DAB02900690079123
:10FE400004910948094904CB0591006802A901936E
:10FE500001F01EFA0023029A13701CB008BC03B014
:10FE60001847C046FFFFFF7F3C0000200802FFFF4D
:10FE70000023C25C0133002AFBD1581E70470B1EC1
:10FE800004D0FF2A04D98A2303608B3B18007047F3
:10FE90000A700123FAE7F0B503690C6989B007001D
:10FEA00005910026A34265DB0B00013C1433A5003D
:10FEB00003935B1904930300143302935D19049BAD
:10FEC00028681B68591C0193FCF77AFA0190B0422C
:10FED00029D0039B02989C460696624608CA94461F
:10FEE000019A99B251431B0C534389190A0C9B1870
:10FEF00007931E0C036889B29AB2069BD218036856
:10FF0000521A190C6B469B8BCB1A11145B181914DF
:10FF100092B21B041A43049B069104C06345DCD2D1
:10FF20002B68002B2DD00599380001F049F80028E6
:10FF30001FDB0025019B029801330399019302689E
:10FF400008C992B255199AB2AA1A05681B0C2D0C51
:10FF5000EB1A15145B191D1492B21B04134308C04D
:10FF6000049B8B42EBD2029AA300D3181A68002A92
:10FF700011D0019E300009B0F0BD2B68002B04D1D8
:10FF8000013C029B043DAB42F7D33C61CBE71A68CE
:10FF9000002A04D1013C029A043B9A42F7D33C6107
:10FFA000E7E70000F0B516001F00446A9BB002901E
:10FFB000239D06960797002C08D11020FFF7CCF957
:10FFC000029B5862446084600460C460029B5B6A68
:10FFD000196800290BD05A68012393404A608B604E
:10FFE000029800F010FE0022029B5B6A1A60002F4C
:10FFF00020DA01232B607B005B080793079CB24B40
:020000021000EC
:10000000220017931A409A4217D1B04B229A1360DC
:10001000069B002B03D1240301D100F087FDAC4BDC
:10002000249A0893002A02D0AA4B249A13600898B5
:100030001BB0F0BD00232B60E0E7069E079F002267
:10004000002330003900FCF741FB051E0BD00123D3
:10005000229A1360A04B249A0893002AE7D09F4A63
:1000600024990A60E3E718AB019319AB00933200BF
:100070003B00029801F022F8630003905B0D74D0FE
:100080003A03974C120B14432100964A3000169500
:100090009E180022944BFEF72DFC944A944BFEF7D9
:1000A000B7F9944A944BFDF78DFA040030000D0027
:1000B000FEF7BAFF914A924BFEF7AAF902000B0035
:1000C00020002900FDF77EFA04000D00FEF776FF00
:1000D00000220700002320002900FCF7FDFA002879
:1000E00009D03800FEF7A0FF2B002200FCF7EEFA43
:1000F000434258413F1A01231493162F0DD88149CA
:10010000FB00C91808684968069A079BFCF7F8FACB
:10011000002846D00023013F1493189B9E1B002308
:100120000A933300013B0B9304D501239B1B0A93D5
:1001300000230B93002F36DB0B9B1197DB190B93DE
:1001400000230493209B0124092B00D984E0052B74
:1001500002DD0024043B2093209B981E032800D935
:1001600084E001F09BF97577286A189B199A9E180C
:10017000654BF218202A0FDD40239B1A9C40634BED
:100180000698F318D8402043FEF788FF0123604CFF
:10019000013E091916937CE7202306989B1A984084
:1001A000F2E71490B9E70A9BDB1B0A937B420493A6
:1001B00000231193C6E701230D93219B002B59DDEA
:1001C0000C930993029A556A00226A600432100067
:1001D00014306968984252D9029800F0DCFC029B06
:1001E00028605B6A1B680893099B0E2B00D90AE103
:1001F000002C00D107E1069B079C12931394002F5B
:1002000000DC89E00F213A003E4B0A40D2009B18E7
:100210001D685E6802233C110E93E3060BD53D4B2F
:100220000C401A6A5B6A12981399FDF7E7FC0323E6
:10023000069007910E9300233AE001230D93219B32
:10024000FB180C9301330993002BBBDC0123B9E7A6
:100250000023B1E70023F1E700230D942093013B35
:1002600000220C93099313332192ABE701230D93E2
:10027000023BF5E701230C9309931A00F4E70131DF
:1002800069605200A3E701231C420ED00E9B214A55
:1002900001330E93109B2800DB009B1831001A6875
:1002A0005B68FEF7B5F805000E00109B6410013383
:1002B0001093002CE7D1069807992A003300FDF728
:1002C0009DFC0690079142E00000F07F0F270000A0
:1002D000A8240100AB2401007A2301007B23010044
:1002E0000000F03F01FCFFFF0000F83F61436F6337
:1002F000A787D23FB3C8608B288AC63FFB799F503F
:100300001344D33FD824010032040000120400003B
:10031000000010FEB024010002230E93002F16D01F
:10032000129813997C420D332340CE4ADB00D31838
:100330001A685B68FEF76CF8002301261D00069022
:1003400007912411002C00D08CE0002BB9D1149B14
:10035000002B00D196E0069C079D0022C24B200096
:100360002900FCF7B9F9002800D18BE0099B002B8C
:1003700000D187E00C9B002B41DDBC4B002220000C
:100380002900FEF745F80E9B0690079101330E9366
:100390000C9B7E1E0E981093FEF746FE069A079B56
:1003A000FEF736F80022B24BFDF70CF9B14A0E9079
:1003B0000F910E9C0F9D94460F9B634415931D0057
:1003C000109B002B61D1069807990022AA4BFEF7DB
:1003D00091FA2200159B06900791FCF791F90028ED
:1003E00000D0A8E2A5480F99844661440B00069806
:1003F00007992200FCF770F9002800D095E2129BC3
:10040000139C06930794199B002B00DA5CE10E2FD6
:1004100000DD59E1934BFA009B185C681B6804935C
:100420000594219B002B00DBD8E0099B002B00DD0D
:10043000D4E000D07DE20498059900228E4BFDF7B0
:10044000E7FF069A079BFCF765F9099B04931E00DA
:10045000002800D04FE2089B089A5D1C3123013729
:1004600013704BE234420AD00E9B854A01330E933F
:10047000EB009B181A685B68FDF7CAFF3300641035
:1004800001355FE73E00099B84E7109B0D995A1EDA
:10049000744BD2009B181A685B68002949D0002071
:1004A0007849FDF7ABFB2B002200FEF723FA089BEF
:1004B0000E900F91159306980799FEF77FFD0400A3
:1004C000FEF7B2FD02000B0006980799FEF712FA3C
:1004D000159B30345D1C1C700E9A0F9B0690079183
:1004E000FCF7FAF800286CD1069A079B00205E49B9
:1004F000FEF700FA0E9A0F9BFCF7EEF8002800D0EA
:10050000C3E0089B109AEB1A9A4200DC77E70E983A
:100510000F990022554BFDF77BFF00220E900F91A3
:1005200006980799514BFDF773FF159506900791B3
:10053000C1E720002900FDF76BFF089C109A2300FB
:1005400094460E900F916344159306980799FEF711
:1005500035FD0500FEF768FD0B00020006980799BF
:10056000FEF7C8F93035159B2570013406900791C8
:10057000A3422AD10E980F99089A109B944663447F
:1005800000221D003F4BFDF71DF802000B000698EE
:100590000799FCF7B5F8002800D076E00E9A0F9B7B
:1005A00000203849FEF7A6F902000B0006980799CB
:1005B000FCF792F8002800D121E76B1E1A78302A48
:1005C00001D037003FE01D00F7E7069807990022A9
:1005D000264BFDF71DFF06900791B6E7089E049A8B
:1005E000059B06980799FDF709FBFEF7E7FC040059
:1005F000FEF71AFD049A059BFDF70AFF02000B00A7
:1006000006980799FEF776F9230030333370099A7C
:10061000089B751CEB1A9A4248D102000B00FCF7AC
:10062000D1FF049A059B06900791FCF769F8002812
:100630002AD1049A059B06980799FCF747F80028E9
:1006400001D0E30720D40399029800F0DCFA0023DC
:100650002B70229B01371F60249B002B00D1E6E406
:100660001D60E4E4D82401000000F03F00002440B5
:1006700000001C400000C0FC000014400000C07CD2
:10068000B02401000000E03F3E006B1E1A78392ABA
:1006900006D1089A9A4207D130231370130001360D
:1006A0001A7801321A708CE71D00EEE70022A44B85
:1006B000FDF7AEFE00220023069007912E00FCF706
:1006C00005F800288BD0BEE70D9A002A00D1DAE0A9
:1006D000209A012A00DDBDE0169A002A00D1B5E07B
:1006E000984A9B18049D0A9C0A9A0121D2180A92E2
:1006F0000B9A0298D3180B9300F025FB0600002CF0
:100700000EDD0B9B002B0BDD0B9A2300944200DDCA
:1007100013000A9AE41AD21A0A920B9AD31A0B936C
:10072000049B002B1FD00D9B002B00D1AFE0002DB0
:1007300011D031002A00029800F09EFB039A0100BC
:100740000600029800F008FB03991090029800F050
:100750005AFA109B0393049B5A1B04D003990298E6
:1007600000F08AFB03900121029800F0ECFA119B43
:100770000490002B00D1E3E11A000100029800F080
:100780007BFB209B0490012B00DD82E00025069B73
:10079000AB420ED1079B1B03AB420AD1179B079AB2
:1007A000134206D00A9B013501330A930B9B013398
:1007B0000B93119B0120002B6CD10B9B18181F234E
:1007C00018407ED001331B1A042B70DD1C23181A2D
:1007D0000A9B24181B180A930B9B1B180B930A9B4C
:1007E000002B05DD1A000399029800F097FB039097
:1007F0000B9B002B05DD1A000499029800F08EFB7C
:100800000490149B002B5ED00499039800F0D8FB51
:10081000002858DA00230A220399029800F00CFA03
:100820000D9B013F0390002B00D190E1002331008C
:100830000A22029800F000FA0C9B0600002B00DD53
:1008400088E0209B022B00DC84E044E03623189AE9
:100850009B1A47E7099B5D1E049BAB4208DB5D1BAF
:10086000099B002B0CDA0A9B099A9C1A00233BE790
:10087000049B0495EA1A119B00259B181193EFE73E
:100880000A9C099B30E7049D0A9C0D9E37E7049A59
:1008900064E70025049B049A1B69109303339B00B3
:1008A000D318586800F006FA2023181A85E7042B9D
:1008B00095D00A9A1C33D2180A920B9AE418D318CE
:1008C0008CE70300F5E7099B002B3DDC209B022B06
:1008D0003ADD099B0C930C9B002B0CD1049905224B
:1008E000029800F0A9F904900100039800F068FB59
:1008F000002800DDAFE5219B089DDF43002309931D
:100900000499029800F07FF9002E00D19BE6099B24
:10091000002B05D0B34203D01900029800F073F900
:100920003100029800F06FF98DE6109B04931E00D1
:10093000E1E70023FAE7109B370004931E008AE5E5
:1009400000002440330400000D9B002B00D1B2E0D6
:10095000099B0C93002C05DD31002200029800F069
:10096000DDFA06003000002D11D07168029800F009
:1009700012F93100040033690C319A1C92000C30DA
:10098000FEF710FD01222100029800F0C7FA099637
:100990000600089B0A9304990398FFF77CFA0999CB
:1009A0000D900400039800F00BFB320010900499A6
:1009B000029800F01FFB01230B93C368303405003D
:1009C000002B04D10100039800F0FAFA0B902900E3
:1009D000029800F018F90B9B209A13430ED1069A47
:1009E000013313420AD1392C26D0109B002B01DD94
:1009F0000D9C31340A9B5D1C1C7081E7109B002B01
:100A000007DB1D00209B1D4322D10123069A1342C0
:100A10001ED10B9B002BEDDD03990122029800F003
:100A20007DFA0499039000F0CBFA002802DCE1D1B2
:100A3000E307DFD5392CDBD10A9B0A9A5D1C3923E9
:100A400013706B1E1A78392A67D001321A7057E773
:100A50000A9B5D1C0B9B002B04DD392CECD0013470
:100A60000A9BC9E70A9B0C9A1C70089BEB1A9342DD
:100A70003ED000230A220399029800F0DDF8099B7A
:100A80000390B34209D100230A220999029800F089
:100A9000D3F8099006000A957DE7099900230A22F8
:100AA000029800F0C9F8002309900A223100029848
:100AB00000F0C2F8EEE7099B0C93089B069304999B
:100AC0000398FFF7E8F9069B30305D1C18700C9A0C
:100AD000089B0400EB1A9A4208DD00230A220399BE
:100AE000029800F0A9F806950390E8E7002309931F
:100AF00003990122029800F011FA0499039000F082
:100B00005FFA00289DDC01D1E3079AD46B1E1A78A6
:100B1000302A00D0F4E61D00F8E7089A9A4203D183
:100B2000312301371370EBE61D008AE70B4B249A43
:100B300008930B4B002A01D0FFF777FAFFF777FAFB
:100B4000209B012B00DC21E6119D012035E60C9B4A
:100B5000002BB2DC209B022BAFDDBCE69F24010002
:100B6000A7240100034B1B68186A002800D1024823
:100B7000F03070473C000020A0000020C9B282186D
:100B8000904201D10020704703788B42FBD00130A6
:100B9000F6E77047704770B5466A04000D00002EF6
:100BA00007D11020FEF7D8FB6062466086600660C1
:100BB000C660666AF368002B13D0636AAA00DB681C
:100BC0009B181868002818D101210E00AE40721D34
:100BD0009200200000F0C6FA00280CD04560866024
:100BE0000DE021220421200000F0BCFA636AF060CD
:100BF000DB68002BE1D1002070BD02681A60002381
:100C00000361C360F8E770B5446A06000D00002C6C
:100C100007D11020FEF7A0FB70624460846004607E
:100C2000C460002D07D0736A6A68DB6892009B1865
:100C30001A682A601D6070BDF7B51E0014239C461B
:100C400007000C0000200D698C4463461B680130CE
:100C500099B263461B6851431B0C534389190E0C10
:100C60009B1989B21E0C1B045B18614608C18C4697
:100C70008542EADC002E1BD0A368AB4212DC63681D
:100C80003800591CFFF787FF2100236901909A1C47
:100C900092000C310C30FEF785FB21003800FFF785
:100CA000B2FF019C2B1D9B00E31801355E6025619E
:100CB0002000FEBD0300020C0020824201D11B0473
:100CC00010301A0E01D108301B021A0F01D1043066
:100CD0001B019A0F01D102309B00002B03DB013076
:100CE0005B0000D4202070470722036810B5010084
:100CF0001A400DD001240020234205D102300342C6
:100D000003D0E34020000B6010BD9B080B60FBE7A5
:100D10009CB21000002C01D110201B0CDAB2002A6A
:100D200001D108301B0A1A0701D104301B099A07A8
:100D300001D102309B08DA07E8D45B0801D001300A
:100D4000E4E72020E0E710B50C000121FFF723FFC6
:100D500001234461036110BDF0B50B6914001269F1
:100D600089B00D00934201DA25000C002F69266935
:100D70006968BB190293AB68BA19934200DA013172
:100D8000FFF709FF0200BB1914329B00D3189C46E1
:100D900000211300049063451DD31435BF00EB19E7
:100DA0001434B6000593A319039501940793079B88
:100DB0000199994211D3029B002B06DD04235B426B
:100DC0009C4463461B68002B51D0049B029A180078
:100DD0001A6109B0F0BD02C3DDE7019B1B6898B240
:100DE00000281CD015000026039F02CF2C688BB270
:100DF0004343090C4143A4B21B199B190E002968F7
:100E00000695090C71181E0C89190E0C9BB2090469
:100E10000B4308C5059BBB42E7D8069B5E60019B60
:100E20001B681D0C1ED0100000271368039E31683C
:100E3000046889B26943240C0919C9190F049BB2CB
:100E40003B43036080CE43683F0C6F439BB2FB186B
:100E5000090C5B18059906901F0C0430B142E6D8C6
:100E600006994B60019B0432043301939FE7029B78
:100E7000013B02939FE700000323F7B513400500F1
:100E80000E001400002B08D02249013B9A00525852
:100E900000233100FFF7D0FE0600A310019336D0E7
:100EA0006C6A002C07D11020FEF756FA6862446085
:100EB00084600460C4606F6ABC68002C07D1164966
:100EC0002800FFF740FF00230400B8600360012200
:100ED000019B13420AD0310022002800FFF73CFF9B
:100EE000070031002800FFF78EFE3E00019B5B10DB
:100EF00001930CD02068002807D12200210028008F
:100F0000FFF72AFF0023206003600400DFE73000C2
:100F1000FEBDC046A025010071020000F0B50D0025
:100F200017002B69541185B0E31801930133009326
:100F30004968AB680290009A934235DB0298FFF74C
:100F40002AFE00230200060019001432A3422EDB01
:100F5000E343DB171C402B00A40014192A69143347
:100F600092009A1894461F22174024D00132D21BB7
:100F70000392002219682000B9400A4304C404CB3C
:100F80000399CA409C45F5D84260002A02D0019BD3
:100F900002330093009B0298013B33612900FFF765
:100FA00032FE300005B0F0BD01315B00C3E79800B0
:100FB00011500133CAE704CB04C49C45FBD8E9E7D0
:100FC0000A69036930B59B1A0DD1920014301431AF
:100FD00084188918043C043925680A68954204D0AD
:100FE0000123954204D3180030BDA042F2D3FAE7A2
:100FF0005B42F8E7F0B50D0085B00700110028004E
:101000001400FFF7DDFF061E08D101003800FFF7CE
:10101000C2FD01234661036105B0F0BD01230193C8
:10102000002804DB23002C001D00002301936168CD
:101030003800FFF7B0FD2F000022019B2669C36036
:101040001434B300E31802932B6914379B00FB1888
:10105000039303009446143320CC04CF0192AAB228
:1010600094446A46614692882D0C8A1A0199090CAB
:10107000691A151449190D1492B209040A431A6029
:10108000039AAC460433BA42E6D802991A008C425D
:1010900005D3043A1368002B0ED00661BCE704CCDC
:1010A00091B261440D14120C5219151489B2120434
:1010B0000A43AC4604C3E8E7013EEAE7F7B51D0082
:1010C00001211400089FFFF766FD2B036D00060049
:1010D0001B0B6D0D24D10193002C27D06846009482
:1010E000FFF702FE009C00281ED0019B20211A0061
:1010F000091A8A40C340224372610193019CB46182
:10110000631E9C4101343461002D18D0124BED1840
:1011100035232D183D60181A099B18603000FEBD5C
:10112000802252031343D6E77461E7E701A8FFF773
:10113000DBFD0124019B346173612030E4E7074B40
:10114000C018074B3860E3189B00F3185869FFF785
:10115000B1FD6401201ADFE7CDFBFFFFCEFBFFFFEF
:10116000FFFFFF3F4A4370B511001400FEF788F9F6
:10117000051E03D022000021FEF730F9280070BDC3
:10118000F8B507000D001600002905D11100FEF783
:1011900077F904002000F8BD002A03D1FEF726F9F4
:1011A0003400F7E700F072F92C00B042F2D23100BF
:1011B0003800FEF765F9041EECD029003200FEF776
:1011C000F1F829003800FEF711F9E3E7F0B58E6871
:1011D00085B007000C00039201939E423CD89023F7
:1011E0008A89DB001A4234D00325096923685B1A17
:1011F0000293636902985D43EB0F5D19019B6D10CB
:1012000001331B18AB4200D91D00530532D529000C
:101210003800FEF735F9061E09D10C233B60402348
:101220000120A28940421343A38105B0F0BD029A78
:101230002169FEF7B7F8A389144A1A4080231343A3
:10124000A381029B2661F61826606561019EED1A56
:10125000A560019B9E4200D9019E3200039920683F
:10126000FEF7A9F8A36800209B1BA36023689E19C2
:101270002660DAE72A003800FFF782FF061EE0D179
:1012800021693800FEF7B2F8C7E7C0467FFBFFFFD1
:10129000F0B59FB0029005938B890F0016001B06D6
:1012A00011D50B69002B0ED14021FEF7E9F838600B
:1012B0003861002805D10C23029A013813601FB051
:1012C000F0BD40237B61002306AC6361203363766D
:1012D0001033A37635002B78002B01D0252B46D177
:1012E000AB1B04930CD0320039000298FFF76EFF5D
:1012F000431C00D1AEE06269049B94466344636181
:101300002B78002B00D1A5E001220023524262601D
:1013100002A9543252186E1C2360E360A36013705C
:10132000A365317805225448FFF728FC751C002876
:101330001FD12268D30604D5532302A95B182021AC
:101340001970130704D5532302A95B182B211970B8
:1013500033782A2B16D0350000210A20E3682A783A
:101360006E1C303A092A4ED9002918D010E00135F8
:10137000B1E7414B2268C01A012383401343236025
:101380002E00CEE7059B191D1B680591002B01DB84
:10139000099304E05B42E3600223134323602B784C
:1013A0002E2B0AD16B782A2B35D1059B02351A1DBD
:1013B0001B680592002B2BDB0793304E2978032204
:1013C0003000FFF7DBFB002806D04023801B834062
:1013D00022680135134323602978062228486E1CB1
:1013E0002176FFF7CBFB00283CD0264B002B25D1E4
:1013F0000722059B07339343083305936369039AD8
:101400009B18636166E7434301219B183500A6E7FB
:1014100001235B42D0E700230A201A0001356360F4
:1014200029786E1C3039092903D9002BC5D00792C1
:10143000C3E74243012352183500F1E705AB00939F
:101440003A00114B21000298FEF714F90390039B18
:101450000133D3D1BB890B985B0600D42FE7012061
:1014600040422CE705AB00933A00074B210002985D
:10147000FEF7BAFBEAE7C046AC250100B225010041
:10148000B625010075F60000CD1101000B1F1B6889
:10149000181F002B01DA0B58C018704702B47146B0
:1014A00049084900095C49008E4402BC7047C046A7
:1014B000044A1368002B00D1034B18181060180061
:1014C0007047C046DC130020E4130020F8B5C04686
:1014D000F8BC08BC9E467047F8B5C046F8BC08BCCE
:1014E0009E4670474E54433A2000000056000000CC
:1014F0002C2054454D503A20000000002C20564925
:101500004E3A20002C2049524F4E5F4355525245CF
:101510004E543A20000000002C2041494E5F434FBA
:101520004D503A20000000004B000000C2B04300C4
:10153000546865726D6F636F75706C65206F666659
:101540007365743A200000006D560000546865729F
:101550006D6F636F75706C653A20000054656D7037
:10156000657261747572655469703A2000000000FC
:101570005461726765742054656D7065726174752D
:1015800072653A20000000007656494E4865617445
:101590004F66663A200000007656494E48656174F1
:1015A0004F6E3A200000000049726F6E2063757222
:1015B00072656E74204F66663A200000410000009C
:1015C00049726F6E2063757272656E74204F6E3A49
:1015D000200000005641494E3A20000052746970C4
:1015E0003A200000E284A6005273757070793A20A8
:1015F0000000000072656164696E672061646320A9
:10160000746F6F6B200000006D730000486561749B
:10161000666163746F723A20000000005074657256
:101620006D3A2000497465726D3A20004474657209
:101630006D3A200057726F74652000002062797443
:10164000657320746F20454550524F4D2E000000A9
:1016500000000000000000000F5E0000655B00005D
:10166000495B00008B5B0000055D0000D95E000057
:101670003B5D00009D5B0000455C0000FD5B0000E1
:10168000E15B0000E55C00006D5E0000595B00005E
:10169000795D00004D5B00008D5B0000955B0000F4
:1016A00030600000306000004060000040600000DA
:1016B0004060000034600000346000003C600000C6
:1016C0003C60000038600000546000007C60000056
:1016D000586000005C600000606000006460000012
:1016E000686000006C6000007060000074600000C2
:1016F0000000000000000000E5520000EB55000073
:1017000019600000BD6100003B620000C56100007F
:1017100059620000E561000085620000DB620000A4
:10172000476300000000000000000000713D0A3E19
:101730000A00000096438B3E14000000AAF1D23E3E
:101740001E000000F2D20D3F2800000021B0323F01
:1017500032000000EC51583F3C0000003F357E3F16
:1017600046000000986E923F5000000054E3A53FF1
:101770005A0000005EBAB93F640000002DB2CD3FB0
:101780006E00000085EBE13F780000006666F63FE2
:1017900082000000689105408C00000000001040AD
:1017A000960000005C8F1A40A00000001B2F25400F
:1017B000AA0000009EEF2F40B400000083C03A4012
:1017C000BE0000002DB24540C800000039B45040B2
:1017D000D2000000A8C65B40DC000000DBF96640D8
:1017E000E6000000713D7240F000000068917D400D
:1017F000FA000000E17A8440040100003F358A408D
:101800000E0100000000904018010000C1CA954080
:1018100022010000B29D9B402C0100000681A140E6
:10182000360100005A64A74040010000DF4FAD4080
:101830004A010000643BB340540100004C37B940FA
:101840005E0100003333BF40680100004C37C540E3
:10185000720100009643CB407C010000DF4FD14075
:10186000860100005A64D74090010000D578DD4021
:101870009A0100008195E340A40100005EBAE940AE
:10188000AE0100003BDFEF40B80100001904F64054
:10189000C20100002731FC40CC0100001B2F014198
:1018A000D6010000A2450441E0010000426007416A
:1018B000EA010000E17A0A41F401000081950D413E
:1018C000FE01000039B4104108020000F2D21341B9
:1018D00012020000AAF116411C02000062101A4117
:1018E000260200001B2F1D4130020000D34D204175
:1018F0003A020000A4702341440200005C8F26419C
:101900004E0200002DB2294158020000E5D02C41C2
:1019100062020000B6F32F416C0200006F123341E7
:10192000760200003F35364180020000F85339410D
:101930008A020000B0723C419402000081953F4150
:101940009E02000039B44241A8020000F2D2454193
:10195000B202000091ED4841BC0200004A0C4C412B
:10196000C6020000E9264F41D0020000A2455241C4
:10197000DA02000042605541E4020000C976584195
:10198000EE02000068915B41F8020000F0A75E41A2
:101990000203000077BE61410C030000FED46441E5
:1019A000160300006DE7674120030000DBF96A4180
:1019B0002A03000031086E4134030000A01A71416F
:1019C0003E030000F628744148030000333377419A
:1019D00052030000713D7A415C030000AE477D4137
:1019E00066030000F628804170030000FCA98141D5
:1019F0007A0300000E2D83418403000014AE84415D
:101A00008E0300001B2F86419803000014AE87410F
:101A1000A20300000E2D8941AC030000FCA98A41FD
:101A2000B6030000E9268C41C0030000CBA18D4124
:101A3000CA030000AC1C8F41D40300008195904183
:101A4000DE030000560E9241E80300001058994151
:101A50001A0400002B87A0414C0400009A99A7416A
:101A60007E040000508DAE41B0040000AC1CBC41AF
:101A7000140500001B2FC94178050000A8C6D541F8
:101A8000DC05000054E3E141400600000681ED4121
:101A9000A4060000BE9FF84108070000B29D014265
:101AA0006C070000D7A30642D0070000235B0B425F
:101AB000340800005EBA0F429808000000000000E1
:101AC0000B0000000200000004000000FF00FFFF08
:101AD000FFFF0B00000000000A00000002000000F1
:101AE00004000000FF00FFFFFFFF0A0000000000ED
:101AF00008000000040000001C000000FF000000BF
:101B00000000FF00000000000900000004000000C9
:101B10001C000000FF00010001000900000000009F
:101B20000E000000040000001C000000FF00000385
:101B300000030E00000000000F0000000400000081
:101B40001C000000FF00010301030F000000000063
:101B500014000000050000002C000000FF0002003F
:101B60000200040000000000150000000500000055
:101B70002C000000FF00030003000500000000002F
:101B800006000000040000001C000000FF0000012F
:101B90000001060000000000070000000400000033
:101BA0001C000000FF00010101010700000000000F
:101BB00012000000040000001C000000FF000003F1
:101BC00000030200000000001000000004000000FC
:101BD0001C000000FF0000020002000000000000E6
:101BE00013000000040000001C000000FF000103BF
:101BF00001030300000000001100000004000000C9
:101C00001C000000FF00010201020100FF000000B3
:101C100000000000FF00000000000000FF00FFFFC8
:101C2000FFFFFF00000000000300000001000000B3
:101C300002000000FF00FFFFFFFFFF0000000000A8
:101C4000160000000200000004000000FF00FFFF7B
:101C5000FFFF060000000000170000000200000067
:101C600004000000FF00FFFFFFFF0700000000006E
:101C70000C0000000300000004000000FF00FFFF54
:101C8000FFFF0C00FF00000000000000FF0000004C
:101C900000000000FF00FFFFFFFFFF000100000049
:101CA0000B0000000300000004000000FF00FFFF25
:101CB000FFFF0B00010000000A000000030000000D
:101CC00004000000FF00FFFFFFFF0A00FF0000000C
:101CD00000000000FF00000000000000FF00FFFF08
:101CE000FFFFFF00FF00000000000000FF000000F9
:101CF00000000000FF00FFFFFFFFFF0000000000EA
:101D00000200000001000000020000000000FFFFD0
:101D1000FFFF0200010000000800000001000000B9
:101D2000020000000200FFFFFFFF080001000000AA
:101D30000900000001000000020000000300FFFF96
:101D4000FFFF090000000000040000000100000087
:101D5000020000000400FFFFFFFF0400000000007D
:101D60000500000001000000020000000500FFFF68
:101D7000FFFF05000100000002000000010000005C
:101D8000020000000A00FFFFFFFF02000100000048
:101D9000030000000B00000004000000FF00FFFF34
:101DA000FFFFFF00000000001B0000000B00000010
:101DB00004000000FF00FFFFFFFFFF000000000025
:101DC0001C0000000600000000000000FF00FFFFF4
:101DD000FFFFFF00000000001800000006000000E8
:101DE00000000000FF00FFFFFFFFFF0000000000F9
:101DF000190000000600000000000000FF00FFFFC7
:101E0000FFFFFF00010000001600000003000000BB
:101E100000000000FF00FFFFFFFFFF0001000000C7
:101E2000170000000300000000000000FF00FFFF9B
:101E3000FFFFFF000000000016000000020000008D
:101E400000000000FF00FFFFFFFFFF000000000098
:101E5000170000000200000000000000FF00FFFF6C
:101E6000FFFFFF0000000000130000000200000060
:101E700000000000FF00FFFFFFFFFF000000000068
:101E8000100000000200000000000000FF00FFFF43
:101E9000FFFFFF0000000000120000000200000031
:101EA00000000000FF00FFFFFFFFFF000000000038
:101EB000110000000200000000000000FF00FFFF12
:101EC000FFFFFF00000000000D0000000400000004
:101ED0000C000000FF000100FFFF0D0000000000EB
:101EE00015000000050000000C000000FF000300CA
:101EF000FFFFFF00000000000600000004000000DB
:101F00000C000000FF000001FFFFFF0000000000C8
:101F100007000000040000000C000000FF000101A9
:101F2000FFFFFF00000000000200000001000000B1
:101F3000020000001400FFFFFFFF020000C20100CA
:101F4000000008000000000000000000C178000050
:101F5000297B00009D780000097B0000C17A000009
:101F6000E17A0000A1780000997800009B780000D9
:101F7000B17A0000477B0000197B0000D97800008F
:101F80000D780000F979000045780000F0FFFFFFB0
:101F900000000000A17A0000E9790000117800003B
:101FA0008978000044880000828800004E89000083
:101FB000BE8800004E890000F0880000FA8800000A
:101FC00040880000008900000E8900003089000070
:101FD0003E8900000000000000000000CD7C0000F1
:101FE000A98F0000598B00006D8D0000417C00001E
:101FF000697E0000437C000041726475696E6F2049
:102000004D3000000403090441726475696E6F006D
:1020100012010002EF020140032A4E80000101027A
:1020200003010000000000000000000059970000BC
:10203000359B000029960000F795000011960000DE
:102040001998000035960000B59300001D9400001B
:10205000D9950000B19300006299000074990000C6
:102060008699000098990000AA9900006E616E00A0
:10207000696E66006F7666000D0A00000A000000B7
:102080000A000000252525642E2564660000000056
:102090002AA70000CEA60000E6A60000FEA60000CB
:1020A00012A70000CEA60000F8A900002EAA00008A
:1020B0002EAA00002EAA00002EAA00002EAA0000C0
:1020C0002EAA00002EAA00002EAA0000FEA90000E1
:1020D000FEA90000FEA90000FEA90000000000000B
:1020E000000000002FAE0000BEF3F879EC61F63F6F
:1020F000DEAA8C80F77BD5BF3D88AF4AED71F53FF6
:10210000DB6DC0A7F0BED2BFB010F0F03995F43F40
:10211000673A517FAE1ED0BF8503B8B095C9F33F73
:10212000E92482A6D831CBBFA564880C190DF33FF2
:102130005877C00A4F57C6BFA08E0B7B225EF23F76
:1021400000819CC72BAAC1BF3F341A4A4ABBF13F4A
:102150005E0E8CCE764EBABFBAE58AF05823F13FB8
:10216000CC1C615A3C97B1BFA70099413F95F03F05
:102170001E0CE138F452A2BF000000000000F03F46
:102180000000000000000000AC479AFD8C60EE3FAC
:102190008459F25DAAA5AA3FA06A021FB3A4EC3F2E
:1021A000B42E36AA535EBC3FE6FC6A573620EB3F9E
:1021B00008DB2077E526C53F2DAAA163D1C2E93F00
:1021C0007047220D86C2CB3FED417803E686E83F9B
:1021D000E17EA0C88B05D13F624853F5DC67E73F3D
:1021E00009EEB6573004D43FEF39FAFE422EE63FEF
:1021F0003483B848A30ED0BF6A0BE00B5B57D53FC2
:1022000023410AF2FEFFDFBF706F7700000000007D
:10221000000000000000304300000000000030C358
:10222000BACC0000F6CB00001ACC0000B8CB0000FE
:102230001ACC000096CC00001ACC0000B8CB0000ED
:10224000F6CB0000F6CB000096CC0000B8CB000027
:10225000ECCC0000ECCC0000ECCC0000A2CC0000E8
:10226000F6CB0000F6CB00001ACC0000B6CB000085
:102270001ACC000096CC00001ACC0000B6CB0000AF
:10228000F6CB0000F6CB000096CC0000B6CB0000E9
:10229000ECCC0000ECCC0000ECCC0000A0CC0000AA
:1022A000E4CF00008ECF00008ECF0000BCD0000035
:1022B0008ACF00008ACF0000B2D00000BCD000005E
:1022C0008ACF0000B2D000008ACF0000BCD000004E
:1022D000C0D00000C0D00000C0D00000C8D00000B6
:1022E000A0DE000012DD000056DD0000BADC0000B8
:1022F00056DD000046DE000056DD0000BADC0000BE
:1023000012DD000012DD000046DE0000BADC000035
:10231000B2DC0000B2DC0000B2DC000054DE0000E1
:10232000C8E50000CAE40000CAE40000E8E70000D5
:10233000C4E40000C4E40000D0E70000E8E70000C7
:10234000C4E40000D0E70000C4E40000E8E70000B7
:10235000DEE70000DEE70000DEE70000ECE700005B
:102360004300504F534958002E00494E4600696EB5
:1023700066004E414E006E616E00300030313233E7
:1023800034353637383941424344454600303132DE
:10239000333435363738396162636465660000204E
:1023A0002020202020202020282828282820202005
:1023B00020202020202020202020202020202088B5
:1023C0001010101010101010101010101010100419
:1023D0000404040404040404041010101010101069
:1023E000414141414141010101010101010101015D
:1023F0000101010101010101010110101010101073
:10240000424242424242020202020202020202022C
:102410000202020202020202020210101010200048
:1024200000000000000000000000000000000000AC
:10243000000000000000000000000000000000009C
:10244000000000000000000000000000000000008C
:10245000000000000000000000000000000000007C
:10246000000000000000000000000000000000006C
:10247000000000000000000000000000000000005C
:10248000000000000000000000000000000000004C
:1024900000000000000000000000000000000049F3
:1024A0006E66696E697479004E614E00000000002E
:1024B0000080E03779C34143176E05B5B5B8934640
:1024C000F5F93FE9034F384D321D30F94877825A0C
:1024D0003CBF737FDD4F1575000000000000F03F2A
:1024E00000000000000024400000000000005940EF
:1024F0000000000000408F40000000000088C34042
:1025000000000000006AF8400000000080842E41B6
:1025100000000000D01263410000000084D7974102
:102520000000000065CDCD41000000205FA0024208
:10253000000000E876483742000000A2941A6D427D
:10254000000040E59C30A2420000901EC4BCD64270
:1025500000003426F56B0C430080E03779C341431B
:1025600000A0D8855734764300C84E676DC1AB4391
:10257000003D9160E458E143408CB5781DAF1544AF
:1025800050EFE2D6E41A4B4492D54D06CFF080448A
:10259000F64AE1C7022DB544B49DD9794378EA449F
:1025A00005000000190000007D000000232D302BE5
:1025B0002000686C4C0065666745464700000000D7
:0425C0000000000017
:1025C40072B6104B0433104A934212D90F4A127D4B
:1025D400D207FBD50D4A118B2020FF300143118314
:1025E4009B085B00D3610A4B1380084B1B7DDB0700
:1025F400FBD5BFF34F8F074B074ADA60BFF34F8F0A
:10260400C046FDE700400000030200000040004116
:0C26140002A5FFFF00ED00E00400FA0545
:102620000000000017B7D1380AD7A33B0AD7233CD4
:102630000000A040E8030000204E0000B00500208C
:10264000FFFFFFFFFFFFFFFF40420F000A000000F7
:102650000A000000FFFFFFFF010000004000002013
:10266000000000000000000000000000000000006A
:10267000000000000000000000000000000000005A
:10268000000000000000000000000000000000004A
:10269000000000000000000000000000000000003A
:1026A000000000000000000000000000000000002A
:1026B000000000000000000000000000000000001A
:1026C00043000000000000000000000000000000C7
:1026D00000000000000000000000000000000000FA
:1026E00043000000000000000000000000000000A7
:1026F00000000000000000000000000000000000DA
:102700004300000000000000000000000000000086
:1027100000000000000000000000000000000000B9
:102720004300000000000000000000000000000066
:102730000000000000000000000000000000000099
:102740004300000000000000000000000000000046
:102750000000000000000000000000000000000079
:102760004300000000000000000000000000000026
:102770000000000000000000000000000000000059
:102780004300000000000000000000000000000006
:102790000000000000000000000000000000000039
:1027A0007FFE000081F30000000000009E23010076
:1027B00068230100B1250100B1250100B125010008
:1027C000B1250100B1250100B1250100B1250100AD
:1027D000B1250100B1250100FFFFFFFFFFFFFFFF53
:1027E000FFFFFFFFFFFF0000010041534349490085
:1027F00000000000000000000000000000000000D9
:10280000000000000000000000004153434949005F
:1028100000000000000000000000000000000000B8
:10282000000000000000000000000000DD4000008B
:10283000A5420000D544000001460000C55100003B
:10284000F955000091560000096000000164000085
:1028500089720000317C00000992000055AE000032
:04286000B54000007F
:040000030000A0E970
:00000001FF
